version,embedding_key,embedding_label,ratio,n_participants,n_folds,K_mode,tau_mean,scoring_convention,rounded_primary,item_r_mean,item_r_ci_lower,item_r_ci_upper,item_mae_mean,item_mae_ci_lower,item_mae_ci_upper,item_rmse_mean,item_rmse_ci_lower,item_rmse_ci_upper,rounded_accuracy_mean,rounded_accuracy_ci_lower,rounded_accuracy_ci_upper,rounded_mae_mean,rounded_mae_ci_lower,rounded_mae_ci_upper,profile_r_mean,profile_r_ci_lower,profile_r_ci_upper,trait_r_mean,trait_r_mean_ci_lower,trait_r_mean_ci_upper,jaccard_mean_vs_s_old,jaccard_min_vs_s_old,jaccard_max_vs_s_old,selection_changed_any_fold,delta_item_r_vs_sbert,delta_item_r_vs_sbert_ci_lower,delta_item_r_vs_sbert_ci_upper,p_vs_sbert_raw,p_vs_sbert_holm,p_vs_sbert_bh,delta_item_r_selection_vs_A,delta_item_r_selection_vs_A_ci_lower,delta_item_r_selection_vs_A_ci_upper,p_selection_raw,p_selection_holm,p_selection_bh
A1_fixed,bge_base_en_v15,BGE-base-en-v1.5,10,2749,5,7,0.0999999999999999,heldout_unselected_items_only_phase2_convention,False,0.2866200868824878,0.2806324415681525,0.292607732196823,1.0185200889969457,1.012209948473462,1.0248302295204288,1.2476723210910752,1.2405151622165518,1.2548294799655986,0.2971504789620467,0.2939024952330075,0.300398462691086,0.9935532112687442,0.9868591128410656,1.0002473096964228,0.6993929005414944,0.6881192387224945,0.7106665623604943,0.6077965378169858,0.5870392024581903,0.6285538731757814,,,,,0.0103054022327632,0.0070914595885515,0.0135302300203206,0.0,0.0,0.0,,,,,,
A1_fixed,e5_base_v2,E5-base-v2,10,2749,5,7,0.0999999999999999,heldout_unselected_items_only_phase2_convention,False,0.2281345132593158,0.2223938885054867,0.233875138013145,1.051237280955627,1.044633172223377,1.0578413896878769,1.2684581987954346,1.2612945665823236,1.2756218310085456,0.2733761771957479,0.2698930677631893,0.2768592866283066,1.0290246958489957,1.0220105015387382,1.0360388901592528,0.6707604663341227,0.6595312027860059,0.6819897298822395,0.5186964568457391,0.4957634796118698,0.5416294340796083,,,,,-0.0481801713904087,-0.0523841520833845,-0.0440679098716069,0.0,0.0,0.0,,,,,,
A1_fixed,minilm_l6_v2,MiniLM-L6-v2,10,2749,5,7,0.0999999999999999,heldout_unselected_items_only_phase2_convention,False,0.2668682580011084,0.2607601513392036,0.2729763646630133,1.0200409552792928,1.0135422698388843,1.0265396407197014,1.2702132660884222,1.262696221157674,1.2777303110191705,0.3098257952386726,0.3069271948987607,0.3127243955785844,0.9994947657734128,0.9926606848090656,1.0063288467377598,0.6854579010395018,0.6738361940118954,0.6970796080671081,0.6390233836158966,0.6159314409815312,0.662115326250262,,,,,-0.0094464266486161,-0.0136961527182525,-0.005093928126698,0.0,0.0,0.0,,,,,,
A1_fixed,mpnet_base_v2,MPNet-base-v2,10,2749,5,7,0.0999999999999999,heldout_unselected_items_only_phase2_convention,False,0.2884928857949109,0.2825184736533933,0.2944672979364284,1.0110665918564965,1.004659528375467,1.017473655337526,1.2562917593805396,1.2488784069414258,1.2637051118196534,0.3080958732468372,0.3051648043632825,0.3110269421303919,0.9898225617396226,0.9831049533914762,0.996540170087769,0.688420314821884,0.6767981619416408,0.7000424677021273,0.6371678602932039,0.6110251595524466,0.6633105610339612,,,,,0.0121782011451862,0.0088015519182186,0.0156320952429576,0.0,0.0,0.0,,,,,,
A1_fixed,sbert_original,SBERT (original),10,2749,5,7,0.0999999999999999,heldout_unselected_items_only_phase2_convention,False,0.2763146846497246,0.270688910406446,0.2819404588930031,1.0207648330386812,1.0142822226253834,1.027247443451979,1.2918093434716502,1.2841123086316293,1.2995063783116712,0.32187462107433,0.3191282952241522,0.3246209469245078,1.003524513964674,0.99673537540463,1.0103136525247178,0.69283003436438,0.6812128796696048,0.7044471890591552,0.6429865301648989,0.6149553978563443,0.6710176624734535,,,,,,,,,,,,,,,,
A1_fixed,bge_base_en_v15,BGE-base-en-v1.5,30,2749,5,7,0.0999999999999999,heldout_unselected_items_only_phase2_convention,False,0.4117905365292918,0.4062243233194162,0.4173567497391674,0.9378067914276362,0.9319762393640396,0.943637343491233,1.159253111548083,1.1526363914730593,1.1658698316231069,0.3267369952710076,0.3235524644704987,0.3299215260715165,0.910694798108403,0.904444272479086,0.91694532373772,0.902878138456454,0.8979720905991152,0.9077841863137928,0.8726811213633139,0.8661633931269623,0.8791988495996654,,,,,0.0424638709988457,0.0390292570366568,0.045893555097689,0.0,0.0,0.0,,,,,,
A1_fixed,e5_base_v2,E5-base-v2,30,2749,5,7,0.0999999999999999,heldout_unselected_items_only_phase2_convention,False,0.3901082268336482,0.3844712597981037,0.3957451938691927,0.95948111651666,0.9534600618644958,0.9655021711688244,1.162208556674952,1.1556988022251669,1.1687183111247372,0.3003066049992204,0.2970501173066051,0.3035630926918358,0.9349633633009408,0.9285232423568524,0.9414034842450288,0.9045319155917564,0.8995793084667025,0.90948452271681,0.8587316874780081,0.8508729571353079,0.8665904178207083,,,,,0.020781561303202,0.0169729258477175,0.0245675982816671,0.0,0.0,0.0,,,,,,
A1_fixed,minilm_l6_v2,MiniLM-L6-v2,30,2749,5,7,0.0999999999999999,heldout_unselected_items_only_phase2_convention,False,0.4041621165437622,0.3981993941340921,0.4101248389534322,0.9285993308391124,0.9225466393497626,0.9346520223284622,1.1657534953434612,1.15880753401914,1.1726994566677824,0.3423166865873305,0.3393291157242744,0.3453042574503866,0.9036013095671152,0.897201518345402,0.9100011007888286,0.9006798307539409,0.8957381317307008,0.9056215297771808,0.8744299674842594,0.8658801881876823,0.8829797467808365,,,,,0.034835451013316,0.0307346921396999,0.0388411633728889,0.0,0.0,0.0,,,,,,
A1_fixed,mpnet_base_v2,MPNet-base-v2,30,2749,5,7,0.0999999999999999,heldout_unselected_items_only_phase2_convention,False,0.4391286192892916,0.4332682038357635,0.4449890347428196,0.903873793070903,0.8979876221104766,0.9097599640313294,1.1450534672115804,1.1381472028342232,1.1519597315889376,0.3554175544353791,0.3524013707004748,0.3584337381702834,0.8798887907290963,0.8736137804110109,0.8861638010471817,0.9042914640999332,0.8992293778018181,0.909353550398048,0.8877667002221947,0.8792794588848123,0.8962539415595772,,,,,0.0698019537588454,0.0662885091901371,0.0733630568911306,0.0,0.0,0.0,,,,,,
A1_fixed,sbert_original,SBERT (original),30,2749,5,7,0.0999999999999999,heldout_unselected_items_only_phase2_convention,False,0.3693266655304461,0.3639096616350068,0.3747436694258854,0.9468409688080922,0.9408032667717928,0.9528786708443916,1.2193903690647347,1.2121765537830398,1.2266041843464297,0.3590552408668087,0.3561374163525875,0.3619730653810299,0.9222470508756432,0.9158957451762108,0.9285983565750754,0.8805143978384075,0.874791716891505,0.8862370787853099,0.8583583848106955,0.8469685765541997,0.8697481930671913,,,,,,,,,,,,,,,,
A1_fixed,bge_base_en_v15,BGE-base-en-v1.5,50,2749,5,10,0.0999999999999999,heldout_unselected_items_only_phase2_convention,False,0.4765948030703788,0.4706253855028708,0.4825642206378868,0.8893097954413367,0.8833244126477908,0.8952951782348826,1.0892612587474786,1.0825995053646753,1.095923012130282,0.3337650054565296,0.3300822282954317,0.3374477826176276,0.8622626409603492,0.8556939639621903,0.8688313179585081,0.9597913862823826,0.95743334876814,0.962149423796625,0.9418315525552646,0.937150749150943,0.9465123559595864,,,,,0.0480050912808379,0.0443749342387677,0.0517415538312746,0.0,0.0,0.0,,,,,,
A1_fixed,e5_base_v2,E5-base-v2,50,2749,5,10,0.0999999999999999,heldout_unselected_items_only_phase2_convention,False,0.4486700243948257,0.4427401773632208,0.4545998714264306,0.9192351295036204,0.9130532946630664,0.9254169643441744,1.1109070809497943,1.1042967098660417,1.1175174520335474,0.3097271735176428,0.3059947871071374,0.3134595599281481,0.8949508912331758,0.8882653702981973,0.9016364121681544,0.9602088903900288,0.9578103788754948,0.9626074019045626,0.936321102123463,0.9314229323717456,0.9412192718751804,,,,,0.0200803126052849,0.0158198631186476,0.0243701322351882,0.0,0.0,0.0,,,,,,
A1_fixed,minilm_l6_v2,MiniLM-L6-v2,50,2749,5,10,0.0999999999999999,heldout_unselected_items_only_phase2_convention,False,0.4469040262314689,0.4407068125944636,0.4531012398684743,0.8820264717563905,0.8758532072888189,0.8881997362239621,1.1094722313554457,1.1024306638395642,1.1165137988713272,0.3601673335758457,0.3567730017243601,0.3635616654273313,0.8555765732993814,0.8489617278574546,0.8621914187413082,0.954930931225173,0.9523399087145396,0.9575219537358064,0.943029199158988,0.938213248755518,0.9478451495624578,,,,,0.0183143144419281,0.0141992505926459,0.0224508075830882,0.0,0.0,0.0,,,,,,
A1_fixed,mpnet_base_v2,MPNet-base-v2,50,2749,5,10,0.0999999999999999,heldout_unselected_items_only_phase2_convention,False,0.4814840358207509,0.4751935956195629,0.4877744760219389,0.8540690644837376,0.8480533222624504,0.8600848067050249,1.083642620574905,1.0766215794390273,1.0906636617107828,0.3745652964714441,0.3711235766071297,0.3780070163357584,0.8279810840305565,0.8214598835222693,0.8345022845388437,0.9515072873698328,0.9486535515850556,0.95436102315461,0.946320540937908,0.9414962217470444,0.9511448601287714,,,,,0.05289432403121,0.0495231704343569,0.0562340364240524,0.0,0.0,0.0,,,,,,
A1_fixed,sbert_original,SBERT (original),50,2749,5,10,0.0999999999999999,heldout_unselected_items_only_phase2_convention,False,0.4285897117895408,0.4225795524377921,0.4345998711412895,0.8849274836275093,0.8787305327604165,0.8911244344946021,1.1424551624963215,1.1351268296115615,1.1497834953810817,0.3806911604219716,0.3773969417327778,0.3839853791111653,0.8605893052018917,0.8540145129904337,0.8671640974133497,0.9431270358425694,0.9400256208728288,0.94622845081231,0.9412585827305826,0.935776505655677,0.9467406598054882,,,,,,,,,,,,,,,,
A1_fixed,bge_base_en_v15,BGE-base-en-v1.5,90,2749,5,3,0.03,heldout_unselected_items_only_phase2_convention,False,0.5890712334408718,0.578139320556085,0.6000031463256585,0.6842769214704268,0.6735486039928941,0.6950052389479596,0.9752831390346424,0.9622621476301644,0.9883041304391206,0.5039287013459439,0.4973251546354681,0.5105322480564197,0.677519097853765,0.6662256606481961,0.6888125350593338,0.993966973456042,0.993344977695486,0.994588969216598,0.9939554015822284,0.9935008237564222,0.9944099794080348,,,,,-0.0121966352330512,-0.017199118882729,-0.0072800155864202,0.0,0.0,0.0,,,,,,
A1_fixed,e5_base_v2,E5-base-v2,90,2749,5,3,0.03,heldout_unselected_items_only_phase2_convention,False,0.606923191421802,0.5961405100339477,0.6177058728096562,0.6919591165136321,0.682191461782046,0.7017267712452181,0.9305014044786932,0.918464284541796,0.9425385244155904,0.4963259367042561,0.4896413684592895,0.5030105049492227,0.6619497999272462,0.6511500663356887,0.6727495335188037,0.9939599834756272,0.9933324952545944,0.9945874716966604,0.9942179333707728,0.9936148161888362,0.9948210505527094,,,,,0.005655322747879,0.0012265920091268,0.0102293735182793,0.0124,0.0124,0.0124,,,,,,
A1_fixed,minilm_l6_v2,MiniLM-L6-v2,90,2749,5,3,0.03,heldout_unselected_items_only_phase2_convention,False,0.5561770501326964,0.5449755926457881,0.5673785076196046,0.718777538543215,0.7080317284396411,0.7295233486467889,1.0136079400780764,1.0009206231310583,1.0262952570250945,0.4746453255729355,0.4683202949164843,0.4809703562293868,0.7120043652237178,0.7009732655274293,0.7230354649200063,0.9940539867004934,0.9934662259000347,0.994641747500952,0.9938774571571092,0.9934299244914622,0.9943249898227564,,,,,-0.0450908185412265,-0.0513124577967734,-0.038895586825516,0.0,0.0,0.0,,,,,,
A1_fixed,mpnet_base_v2,MPNet-base-v2,90,2749,5,3,0.03,heldout_unselected_items_only_phase2_convention,False,0.5858087835357045,0.5748586369919172,0.5967589300794919,0.6833259919207559,0.6722758529138145,0.6943761309276973,0.9921944811315936,0.979209927460914,1.005179034802273,0.5001818843215715,0.493540205742109,0.506823562901034,0.6849399781738814,0.6735664735798811,0.6963134827678817,0.9935439157529312,0.9929103446663192,0.9941774868395432,0.993516221973193,0.9930030933990732,0.9940293505473128,,,,,-0.0154590851382184,-0.0205344342288659,-0.0103674634438146,0.0,0.0,0.0,,,,,,
A1_fixed,sbert_original,SBERT (original),90,2749,5,3,0.03,heldout_unselected_items_only_phase2_convention,False,0.601267868673923,0.5903691644749751,0.6121665728728709,0.6664310539721134,0.655229709494299,0.6776323984499278,0.976661814452884,0.963329256215438,0.9899943726903304,0.5134594397962896,0.5066620283450937,0.5202568512474856,0.6617315387413606,0.6503009501407274,0.6731621273419938,0.9934695818085408,0.9928665740258222,0.9940725895912592,0.9937064533469664,0.9931010741309104,0.9943118325630222,,,,,,,,,,,,,,,,
A2_tuned,bge_base_en_v15,BGE-base-en-v1.5,10,2749,5,10,0.0499999999999999,heldout_unselected_items_only_phase2_convention,False,0.2953544836937241,0.289293666388369,0.3014153009990792,1.0066267887323943,1.000229214302336,1.0130243631624525,1.2685744742046547,1.2609938043633329,1.2761551440459766,0.3245867184026514,0.3217205199274684,0.3274529168778345,0.98486318257144,0.9781711515320128,0.9915552136108672,0.6957418260452864,0.6842240821787111,0.7072595699118618,0.6616682962877709,0.6460899074644072,0.6772466851111346,,,,,0.0186292444154365,0.0153373959958632,0.0218912068120347,0.0,0.0,0.0,,,,,,
A2_tuned,e5_base_v2,E5-base-v2,10,2749,5,10,0.03,heldout_unselected_items_only_phase2_convention,False,0.2925672919930722,0.2866315321961765,0.2985030517899678,1.0101479305807604,1.003822454436034,1.0164734067254866,1.2505129185902604,1.2432522693987695,1.2577735677817512,0.3069883998221576,0.3039163603318267,0.3100604393124885,0.9880037185239078,0.9813281280276436,0.994679309020172,0.6926253110294116,0.6812928638158969,0.7039577582429263,0.6256239950365655,0.6047857163181709,0.6464622737549601,,,,,0.0158420527147845,0.0128380261921672,0.0188376840300439,0.0,0.0,0.0,,,,,,
A2_tuned,minilm_l6_v2,MiniLM-L6-v2,10,2749,5,3,0.0999999999999999,heldout_unselected_items_only_phase2_convention,False,0.2712341991403226,0.2648236052112949,0.2776447930693503,1.0288657920999846,1.0220592069978294,1.03567237720214,1.3070418131774115,1.2989432702543589,1.3151403561004646,0.3223111434461016,0.319598792295492,0.3250234945967112,1.0109575199062286,1.0038995805726385,1.018015459239819,0.6817720649765886,0.6699826671633388,0.6935614627898384,0.6629314382567717,0.641899224930553,0.6839636515829904,,,,,-0.0054910401379649,-0.0101333282752918,-0.0008978283044447,0.0184,0.0552,0.0210285714285714,,,,,,
A2_tuned,mpnet_base_v2,MPNet-base-v2,10,2749,5,10,0.0999999999999999,heldout_unselected_items_only_phase2_convention,False,0.2919530456813981,0.285976285376459,0.2979298059863372,1.0079376041760952,1.0015673359831572,1.0143078723690333,1.24906730589147,1.2417506610878797,1.25638395069506,0.3067216361505193,0.3037123411281444,0.3097309311728942,0.986762863263409,0.9800542416650078,0.9934714848618104,0.6984513136153844,0.6868596639198371,0.7100429633109316,0.63630534714354,0.6097554888559559,0.6628552054311242,,,,,0.0152278064031105,0.0118472374665338,0.0185834392530201,0.0,0.0,0.0,,,,,,
A2_tuned,sbert_original,SBERT (original),10,2749,5,10,0.0999999999999999,heldout_unselected_items_only_phase2_convention,False,0.2767252392782875,0.2711094228116494,0.2823410557449257,1.018599347117257,1.0121456118271983,1.0250530824073154,1.2867025852028129,1.2790701018407096,1.2943350685649162,0.3205408027161391,0.3177655747280132,0.323316030704265,1.0015237864273878,0.9947568044995658,1.0082907683552098,0.6954221575704942,0.6838204859760816,0.7070238291649068,0.6429576360119515,0.615014371349665,0.6709009006742381,,,,,,,,,,,,,,,,
A2_tuned,bge_base_en_v15,BGE-base-en-v1.5,30,2749,5,15,0.0999999999999999,heldout_unselected_items_only_phase2_convention,False,0.4205478203595691,0.4147751516851953,0.4263204890339429,0.9603108660317397,0.9542870588099772,0.966334673253502,1.1606689623121045,1.1542343430726143,1.1671035815515942,0.298035649327028,0.2945185605240786,0.3015527381299773,0.9344436938107366,0.9279010857395088,0.9409863018819644,0.9067736098153338,0.9019244886672764,0.9116227309633914,0.8533588423455759,0.8468996045091477,0.8598180801820041,,,,,0.0405033004299287,0.0371861197561375,0.0437381234456671,0.0,0.0,0.0,,,,,,
A2_tuned,e5_base_v2,E5-base-v2,30,2749,5,7,0.03,heldout_unselected_items_only_phase2_convention,False,0.4308034598272689,0.4251062999819594,0.4365006196725784,0.9127187035029776,0.9068857346319956,0.9185516723739596,1.147277602302923,1.140529120290392,1.154026084315454,0.3471028425921114,0.3440938600240672,0.3501118251601556,0.8883594034194254,0.8821504489171562,0.8945683579216946,0.9060146451603772,0.9012367333267532,0.910792556994001,0.8781786696739268,0.8699073729976824,0.8864499663501711,,,,,0.0507589398976285,0.0475594206638789,0.05395919227683,0.0,0.0,0.0,,,,,,
A2_tuned,minilm_l6_v2,MiniLM-L6-v2,30,2749,5,10,0.0999999999999999,heldout_unselected_items_only_phase2_convention,False,0.4064090233010284,0.4005158606531225,0.4123021859489343,0.9299068912910412,0.9238693829202412,0.9359443996618416,1.157100021174909,1.1502951868762803,1.1639048554735374,0.3342150392350465,0.3311606466945457,0.3372694317755472,0.9061009198149976,0.899683621214035,0.9125182184159604,0.9024394169349936,0.897520092385339,0.9073587414846483,0.8741141416063483,0.866041700616829,0.8821865825958676,,,,,0.0263645033713879,0.0224710691781433,0.030263519938872,0.0,0.0,0.0,,,,,,
A2_tuned,mpnet_base_v2,MPNet-base-v2,30,2749,5,3,0.0999999999999999,heldout_unselected_items_only_phase2_convention,False,0.4473727359082305,0.4413501419764469,0.4533953298400142,0.8961423907946712,0.8900045110140812,0.9022802705752612,1.1662000553020149,1.1588014003608609,1.1735987102431689,0.3736631502364495,0.3706753590652904,0.3766509414076086,0.8776022449721977,0.8711414404880307,0.8840630494563648,0.9001904849695886,0.8949586052565751,0.9054223646826022,0.8884200796106331,0.8802897847756144,0.8965503744456518,,,,,0.0673282159785901,0.063614183735299,0.0709908341648408,0.0,0.0,0.0,,,,,,
A2_tuned,sbert_original,SBERT (original),30,2749,5,7,0.1999999999999999,heldout_unselected_items_only_phase2_convention,False,0.3800445199296404,0.374610740724883,0.3854782991343979,0.953805623330416,0.9478552950628824,0.9597559515979496,1.1791452216546454,1.1723856517431506,1.1859047915661405,0.3223769682481942,0.3192003166815565,0.3255536198148318,0.9260874084082524,0.9197095120592272,0.9324653047572776,0.8911562647828053,0.8856444499270684,0.8966680796385422,0.8540655123727184,0.8433421205108196,0.8647889042346173,,,,,,,,,,,,,,,,
A2_tuned,bge_base_en_v15,BGE-base-en-v1.5,50,2749,5,15,0.0999999999999999,heldout_unselected_items_only_phase2_convention,False,0.4872038145558358,0.4812945134578372,0.4931131156538343,0.9015098774126564,0.8954280346417344,0.9075917201835784,1.0925768691272613,1.0859835623355043,1.0991701759190182,0.3177228082939251,0.3139113867342727,0.3215342298535774,0.8768133866860677,0.8701419581804646,0.8834848151916708,0.96097786233789,0.9586342757309676,0.9633214489448122,0.9380389279606272,0.933311763280249,0.9427660926410052,,,,,0.0555526290604486,0.0519950396311227,0.0591302366595945,0.0,0.0,0.0,,,,,,
A2_tuned,e5_base_v2,E5-base-v2,50,2749,5,15,0.0499999999999999,heldout_unselected_items_only_phase2_convention,False,0.4761349996961019,0.4702219591889146,0.4820480402032893,0.9067449376252792,0.9006269761267192,0.912862899123839,1.0979277673488002,1.0913522780143223,1.104503256683278,0.3160494725354674,0.3122354243814723,0.3198635206894625,0.8839869043288469,0.8772629728490303,0.8907108358086634,0.9594572111882802,0.9570459825185582,0.9618684398580022,0.9382880876860978,0.9334030011483264,0.9431731742238691,,,,,0.0444838142007147,0.0409850146531103,0.0479767181894804,0.0,0.0,0.0,,,,,,
A2_tuned,minilm_l6_v2,MiniLM-L6-v2,50,2749,5,5,0.1999999999999999,heldout_unselected_items_only_phase2_convention,False,0.4519971909389168,0.4456604842483872,0.4583338976294464,0.8846581470471222,0.878494883941624,0.8908214101526204,1.1030108389252355,1.0959517625203865,1.1100699153300848,0.3522881047653692,0.3488516162944239,0.3557245932363144,0.8574026918879593,0.8507644800373396,0.8640409037385789,0.9555884081001228,0.9530676164224808,0.9581091997777648,0.9431417540236836,0.938168798974737,0.9481147090726302,,,,,0.0203460054435296,0.0159171143263719,0.0248842913820078,0.0,0.0,0.0,,,,,,
A2_tuned,mpnet_base_v2,MPNet-base-v2,50,2749,5,5,0.0999999999999999,heldout_unselected_items_only_phase2_convention,False,0.4896052654001855,0.4832116989912376,0.4959988318091334,0.8441653528248464,0.8380078310441663,0.8503228746055265,1.090029758889324,1.0826392422111315,1.0974202755675162,0.3891378683157512,0.3857608744152088,0.3925148622162936,0.8215205529283375,0.8149318646079275,0.8281092412487474,0.9486291295084816,0.9455585981510604,0.9516996608659029,0.9451657408464031,0.9400853963995308,0.9502460852932756,,,,,0.0579540799047982,0.0543254927117294,0.0617008088440788,0.0,0.0,0.0,,,,,,
A2_tuned,sbert_original,SBERT (original),50,2749,5,10,0.1799927246271371,heldout_unselected_items_only_phase2_convention,False,0.4316511854953871,0.4257445743768844,0.4375577966138899,0.9064267459860436,0.900269296548228,0.9125841954238594,1.1176613003711056,1.110823386441918,1.1244992143002932,0.3329065114587123,0.3292444297069106,0.3365685932105139,0.881549654419789,0.8748913258490454,0.8882079829905327,0.9509671537335408,0.9482004174558364,0.9537338900112454,0.9408087837566734,0.9353981628118224,0.9462194047015244,,,,,,,,,,,,,,,,
A2_tuned,bge_base_en_v15,BGE-base-en-v1.5,90,2749,5,3,0.1200072753728628,heldout_unselected_items_only_phase2_convention,False,0.6166967916003608,0.6063349412594123,0.6270586419413093,0.6946024804601374,0.6853386800002373,0.7038662809200374,0.9103272272290982,0.8989254460726188,0.9217290083855776,0.4834849036013096,0.4769521575941468,0.4900176496084724,0.6595489268825027,0.6491731340364791,0.6699247197285262,0.9942924737212812,0.993668314195004,0.9949166332475582,0.9943398460596822,0.993975093804684,0.9947045983146804,,,,,0.0033945743324846,-0.0012641217892515,0.0082172235977708,0.1624,0.2564,0.1624,,,,,,
A2_tuned,e5_base_v2,E5-base-v2,90,2749,5,3,0.0459985449254274,heldout_unselected_items_only_phase2_convention,False,0.6065864794823103,0.5960237239661664,0.6171492349984541,0.7185465921440228,0.7094355376018789,0.7276576466861667,0.9203347470364186,0.9092221417660424,0.9314473523067948,0.457984721716988,0.4514338082462482,0.4645356351877278,0.6830120043652237,0.6727532544573314,0.693270754273116,0.9942646139473212,0.993635034312472,0.9948941935821706,0.9944125497017708,0.9936520065138592,0.9951730928896824,,,,,-0.0067157377855657,-0.0112437989213416,-0.0022096146172047,0.0042,0.0168,0.0051692307692307,,,,,,
A2_tuned,minilm_l6_v2,MiniLM-L6-v2,90,2749,5,15,0.0999999999999999,heldout_unselected_items_only_phase2_convention,False,0.573505585512366,0.5628234024454294,0.5841877685793025,0.7580819707693561,0.7492068810546055,0.7669570604841067,0.9626424150605536,0.9520512246778562,0.973233605443251,0.4401964350672971,0.4338937531327046,0.4464991170018897,0.7252455438341214,0.715066701313379,0.7354243863548638,0.9947807621021244,0.994207961463838,0.9953535627404106,0.994442353573478,0.9940475772885886,0.9948371298583674,,,,,-0.0397966317555101,-0.04536373991184,-0.0339976106019267,0.0,0.0,0.0,,,,,,
A2_tuned,mpnet_base_v2,MPNet-base-v2,90,2749,5,3,0.1999999999999999,heldout_unselected_items_only_phase2_convention,False,0.6092553608109564,0.5987498528254545,0.6197608687964584,0.7097312238593043,0.7003463329307921,0.7191161147878166,0.9328166693252464,0.921315421189639,0.944317917460854,0.476536922517279,0.4700759982843463,0.4829978467502117,0.6740632957439069,0.6637229091668881,0.6844036823209256,0.9941143947177138,0.9934971876132008,0.9947316018222268,0.994423737649184,0.9939922043538924,0.994855270944476,,,,,-0.0040468564569197,-0.0093118516838181,0.0011335956098207,0.1282,0.2564,0.1367466666666666,,,,,,
A2_tuned,sbert_original,SBERT (original),90,2749,5,3,0.1999999999999999,heldout_unselected_items_only_phase2_convention,False,0.613302217267876,0.6024099002162174,0.6241945343195346,0.6869052161840851,0.677325782630205,0.6964846497379651,0.9060759403760774,0.8943229404027346,0.9178289403494202,0.4876318661331393,0.480918177105214,0.4943455551610645,0.6592942888323026,0.6486819797825287,0.6699065978820764,0.9947802190453908,0.9942586326037992,0.9953018054869828,0.9946244015255814,0.9941551253830728,0.99509367766809,,,,,,,,,,,,,,,,
B1_fixed,bge_base_en_v15,BGE-base-en-v1.5,10,2749,5,7,0.09999999999999998,heldout_unselected_items_only_phase2_convention,False,0.31669863236813034,0.31105311020564985,0.3223441545306108,1.0165343509586215,1.0099659449778107,1.0231027569394324,1.269848068390532,1.2620742900351276,1.2776218467459364,0.3186896245099228,0.3154401908601675,0.32193905815967805,0.9879552160381552,0.9810652672917441,0.9948451647845662,0.7243954939545822,0.7133191071519872,0.7354718807571773,0.5747638930240582,0.5608972519756763,0.58863053407244,0.25,0.25,0.25,True,0.040383947718405706,0.035607719394529516,0.045178720539796664,0.0,0.0,0.0,0.03007854548564252,0.025245213787615888,0.034876135636251304,0.0,0.0,0.0
B1_fixed,e5_base_v2,E5-base-v2,10,2749,5,7,0.09999999999999998,heldout_unselected_items_only_phase2_convention,False,0.2455896479502723,0.2397681176175914,0.2514111782829532,1.061176077283792,1.0543056762608096,1.0680464783067742,1.2855175807047359,1.278082761277747,1.2929524001317247,0.276577341255406,0.27293390857131145,0.28022077393950057,1.0397235358312114,1.032361903650713,1.0470851680117097,0.6703710653494042,0.658316088127707,0.6824260425711013,0.4455193927198039,0.4312293023112835,0.4598094831283243,0.17647058823529413,0.17647058823529413,0.17647058823529413,True,-0.030793404729247728,-0.03607648294712948,-0.02531414745681298,0.0,0.0,0.0,0.01732365227447926,0.011690308400249028,0.022888167476663935,0.0,0.0,0.0
B1_fixed,minilm_l6_v2,MiniLM-L6-v2,10,2749,5,7,0.09999999999999998,heldout_unselected_items_only_phase2_convention,False,0.2984767851163499,0.2928953568434946,0.3040582133892052,1.0020504141288333,0.9957041825211562,1.0083966457365103,1.2641824367930026,1.2566976441962006,1.2716672293898046,0.3252980881936866,0.32236238412324086,0.32823379226413235,0.9805666707085404,0.9739299961539836,0.9872033452630973,0.7484268542480133,0.7381870664865509,0.7586666420094756,0.657470368097711,0.6454767170690308,0.6694640191263912,0.11111111111111112,0.1111111111111111,0.1111111111111111,True,0.022162100466625326,0.016939092809231594,0.027649826401982856,0.0,0.0,0.0,0.03160852711524148,0.026167982797901838,0.037130798992336796,0.0,0.0,0.0
B1_fixed,mpnet_base_v2,MPNet-base-v2,10,2749,5,7,0.09999999999999998,heldout_unselected_items_only_phase2_convention,False,0.3506870790084507,0.34489873591457004,0.35647542210233135,0.9835946986214231,0.9770652684641217,0.9901241287787246,1.2738312302454537,1.2657763491946699,1.2818861112962376,0.35098419627339233,0.3480054717879066,0.3539629207588781,0.9623014429489511,0.9554401347441696,0.9691627511537327,0.7715351048489159,0.761357824600915,0.7817123850969168,0.6776437346024969,0.6609058983904588,0.6943815708145351,0.17647058823529413,0.17647058823529413,0.17647058823529413,True,0.07437239435872613,0.06906357662471714,0.07968858997510843,0.0,0.0,0.0,0.06219419321353987,0.057099828062390286,0.06726865704652721,0.0,0.0,0.0
B1_fixed,sbert_original,SBERT (original),10,2749,5,7,0.09999999999999998,heldout_unselected_items_only_phase2_convention,False,0.2763146846497246,0.27068891040644605,0.2819404588930031,1.0207648330386812,1.0142822226253834,1.027247443451979,1.2918093434716502,1.2841123086316293,1.2995063783116712,0.32187462107433,0.3191282952241522,0.3246209469245078,1.003524513964674,0.9967353754046301,1.0103136525247178,0.69283003436438,0.6812128796696048,0.7044471890591552,0.6429865301648989,0.6149553978563443,0.6710176624734535,1.0,1.0,1.0,False,,,,,,,2.5056176549464448e-17,2.385317819106822e-17,2.627451323199026e-17,0.0,0.0,0.0
B1_fixed,bge_base_en_v15,BGE-base-en-v1.5,30,2749,5,7,0.09999999999999998,heldout_unselected_items_only_phase2_convention,False,0.4249653845750648,0.41899745605763433,0.4309333130924952,0.9166905006903018,0.9109226111362244,0.9224583902443791,1.1358680672626853,1.1292662132455629,1.1424699212798077,0.337712414904121,0.3344360567763159,0.34098877303192615,0.8887075819778621,0.882456674125578,0.8949584898301463,0.8986769131912851,0.8934296454632225,0.9039241809193477,0.8755839258191361,0.8700099587210474,0.8811578929172249,0.30434782608695654,0.30434782608695654,0.30434782608695654,True,0.05876633805560042,0.05467408184268098,0.0628223868192109,0.0,0.0,0.0,0.01317484804577299,0.009920310053938203,0.016445469079082356,0.0,0.0,0.0
B1_fixed,e5_base_v2,E5-base-v2,30,2749,5,7,0.09999999999999998,heldout_unselected_items_only_phase2_convention,False,0.3953248714794517,0.38945827008392697,0.4011914728749765,0.953892052240616,0.9477137711491954,0.9600703333320366,1.1541961954182463,1.1475044206659195,1.160887970170573,0.30179285974120457,0.29840435015761585,0.3051813693247933,0.9285558384867224,0.9219492181387235,0.9351624588347213,0.8891904375012329,0.8835037642699451,0.8948771107325207,0.8126667110494645,0.7989306924953322,0.8264027296035968,0.22448979591836732,0.22448979591836735,0.22448979591836735,True,0.029125824959987393,0.024555346183833468,0.03365432265680452,0.0,0.0,0.0,0.005216644645803626,0.0014036110272756903,0.008999621011646732,0.0076,0.0152,0.008
B1_fixed,minilm_l6_v2,MiniLM-L6-v2,30,2749,5,7,0.09999999999999998,heldout_unselected_items_only_phase2_convention,False,0.40667140269627056,0.40120627231603684,0.4121365330765043,0.9204412234606683,0.9144919774447587,0.9263904694765778,1.167711263460148,1.1607432369628519,1.1746792899574443,0.3501844826690225,0.3472713243226471,0.3530976410153979,0.8972925219560361,0.8910460278627307,0.9035390160493416,0.9117246622700782,0.9069911012120554,0.916458223328101,0.8741093728736242,0.8666918757695719,0.8815268699776766,0.2,0.2,0.2,True,0.040472356176806196,0.036139986610054166,0.04473452376356802,0.0,0.0,0.0,0.0025092861525084107,-0.0008725333550669785,0.005870891417409519,0.1408,0.1408,0.1408
B1_fixed,mpnet_base_v2,MPNet-base-v2,30,2749,5,7,0.09999999999999998,heldout_unselected_items_only_phase2_convention,False,0.4274966952901407,0.4218317605497168,0.4331616300305646,0.9192615632102146,0.9133188907106136,0.9252042357098156,1.1927527369249145,1.185530701377593,1.1999747724722358,0.3674323130489009,0.36443703694385327,0.3704275891539485,0.8974068492438809,0.8911264900507665,0.9036872084369953,0.9111829661221952,0.9063157660677355,0.9160501661766549,0.8824990150247194,0.8766322893185566,0.8883657407308821,0.30434782608695654,0.30434782608695654,0.30434782608695654,True,0.061297648770676366,0.05733968764800143,0.06529134795195334,0.0,0.0,0.0,-0.011631923999150766,-0.014326473130237242,-0.008916190003248867,0.0,0.0,0.0
B1_fixed,sbert_original,SBERT (original),30,2749,5,7,0.09999999999999998,heldout_unselected_items_only_phase2_convention,False,0.3661990465194644,0.36080401483268043,0.37159407820624835,0.9488408283833026,0.9427501252023087,0.9549315315642966,1.224013956532487,1.21673295369641,1.231294959368564,0.35993348230525385,0.3569965794825504,0.3628703851279573,0.924076287481162,0.9176867740573941,0.9304658009049299,0.880140808789208,0.8744483546510919,0.885833262927324,0.8560252250226723,0.8438706089901334,0.8681798410552112,0.9354838709677418,0.9354838709677419,0.9354838709677419,True,,,,,,,-0.0031276190109817015,-0.003658602133656168,-0.0025977865334891556,0.0,0.0,0.0
B1_fixed,bge_base_en_v15,BGE-base-en-v1.5,50,2749,5,10,0.09999999999999998,heldout_unselected_items_only_phase2_convention,False,0.4657167848030815,0.4590333261383618,0.4724002434678012,0.8956190095449703,0.8897315112264474,0.9015065078634932,1.1007080059650487,1.0940790126265196,1.1073369993035778,0.33738086576937065,0.3338143823233335,0.3409473492154078,0.8675372862859221,0.8610923261542218,0.8739822464176223,0.9304602126604729,0.9266683125279129,0.9342521127930328,0.9458046419337498,0.9434174230680937,0.9481918607994059,0.5151515151515151,0.5151515151515151,0.5151515151515151,True,0.034133920179749346,0.02953386614693973,0.03873858854706315,0.0,0.0,0.0,-0.01087801826729729,-0.014305670805512734,-0.0073492899237558446,0.0,0.0,0.0
B1_fixed,e5_base_v2,E5-base-v2,50,2749,5,10,0.09999999999999998,heldout_unselected_items_only_phase2_convention,False,0.45928567123948355,0.45262565641963864,0.46594568605932846,0.9336572578578023,0.9273943898621064,0.9399201258534982,1.124737959372141,1.1180606204195576,1.1314152983247243,0.30368133866860675,0.29990125343108476,0.30746142390612874,0.9086504183339397,0.9018296596838487,0.9154711769840307,0.9422058601917305,0.9386756405042028,0.9457360798792581,0.9237983332851554,0.9174229267894378,0.9301737397808729,0.44927536231884063,0.4492753623188406,0.4492753623188406,True,0.027702806616151418,0.022726077199386043,0.03285726294580721,0.0,0.0,0.0,0.010615646844657857,0.006585418226040926,0.014712334898901223,0.0,0.0,0.0
B1_fixed,minilm_l6_v2,MiniLM-L6-v2,50,2749,5,10,0.09999999999999998,heldout_unselected_items_only_phase2_convention,False,0.4528130805935873,0.4468199330204121,0.45880622816676253,0.8840932238254993,0.8779982208566776,0.890188226794321,1.127240826931621,1.1200681063645506,1.1344135474986914,0.3677555474718079,0.36448007963494194,0.37103101530867383,0.8586467806475082,0.852115220868841,0.8651783404261755,0.9476479126611705,0.9447953987498574,0.9505004265724837,0.9416823984510115,0.9386819424859753,0.9446828544160478,0.3333333333333333,0.3333333333333333,0.3333333333333333,True,0.021230215970255074,0.016542273586520453,0.02574532505792984,0.0,0.0,0.0,0.005909054362118293,0.002332484770160979,0.009397071723072532,0.001,0.003,0.0011111111111111111
B1_fixed,mpnet_base_v2,MPNet-base-v2,50,2749,5,10,0.09999999999999998,heldout_unselected_items_only_phase2_convention,False,0.4739258756834425,0.467920350912875,0.47993140045401006,0.8892609532278765,0.883050466546221,0.8954714399095319,1.151989074144878,1.1444857141430733,1.1594924341466826,0.3789305201891596,0.37565814569872974,0.3822028946795895,0.8681193161149509,0.8615041411457345,0.8747344910841672,0.9546637048081156,0.9519276649569126,0.9573997446593185,0.9382822187677029,0.9342960994378312,0.9422683380975746,0.4084507042253521,0.4084507042253521,0.4084507042253521,True,0.042343011060110354,0.03808932155404636,0.04657264966061678,0.0,0.0,0.0,-0.007558160137308409,-0.010887189673337056,-0.004270425035155786,0.0,0.0,0.0
B1_fixed,sbert_original,SBERT (original),50,2749,5,10,0.09999999999999998,heldout_unselected_items_only_phase2_convention,False,0.4315828646233322,0.4256167973487382,0.43754893189792615,0.887575824571917,0.8814040100832861,0.8937476390605479,1.1411670278214523,1.1338964678639412,1.1484375877789634,0.3759839941797017,0.3726949262591788,0.37927306210022455,0.863877773735904,0.8573121992699175,0.8704433482018905,0.9463788694372421,0.9433908507349136,0.9493668881395707,0.9410632430020843,0.9359122618455764,0.9462142241585922,0.9230769230769231,0.9230769230769231,0.9230769230769231,True,,,,,,,0.002993152833791339,0.0022511084462665514,0.003739901283188214,0.0,0.0,0.0
B1_fixed,bge_base_en_v15,BGE-base-en-v1.5,90,2749,5,3,0.030000000000000006,heldout_unselected_items_only_phase2_convention,False,0.5464802718643814,0.5346140084499573,0.5583465352788055,0.7113474340497108,0.6997965553755361,0.7228983127238855,1.0454085578463646,1.0311009180884922,1.0597161976042369,0.5032739177882867,0.4970279278774191,0.5095199076991542,0.7152055292833758,0.7032902969685362,0.7271207615982154,0.993526167807553,0.9929593343595067,0.9940930012555993,0.9927486270053766,0.9921455766071214,0.9933516774036317,0.8947368421052632,0.8947368421052632,0.8947368421052632,True,-0.05478759680954152,-0.06549238479863652,-0.043971153623647806,0.0,0.0,0.0,-0.04259096157649025,-0.05274434748075374,-0.0323076035320373,0.0,0.0,0.0
B1_fixed,e5_base_v2,E5-base-v2,90,2749,5,3,0.030000000000000006,heldout_unselected_items_only_phase2_convention,False,0.4654677119645761,0.45471201700824143,0.47622340692091075,0.7944519651857128,0.7844393455069025,0.8044645848645231,1.1466580577958772,1.133732244732723,1.1595838708590314,0.47981084030556564,0.47391102517434264,0.48571065543678865,0.7933066569661695,0.7826016671442041,0.804011646788135,0.9933347400314201,0.9927879232366228,0.9938815568262174,0.992958587227403,0.992475640861953,0.9934415335928531,0.8181818181818181,0.8181818181818182,0.8181818181818182,True,-0.1358001567093469,-0.14911432200967828,-0.12266017762615272,0.0,0.0,0.0,-0.14145547945722595,-0.15441327247233091,-0.12828539498322228,0.0,0.0,0.0
B1_fixed,minilm_l6_v2,MiniLM-L6-v2,90,2749,5,3,0.030000000000000006,heldout_unselected_items_only_phase2_convention,False,0.4143497381475623,0.4024978991815762,0.42620157711354845,0.8310089010243817,0.8192597598381676,0.8427580422105959,1.256743821400852,1.2422556701022658,1.271231972699438,0.4821025827573662,0.476200613676749,0.48800455183798347,0.8318297562750092,0.820031271494301,0.8436282410557174,0.9919340834107533,0.9913832592639131,0.9924849075575934,0.9911769248110496,0.9904064387402054,0.9919474108818938,0.8556701030927835,0.8556701030927835,0.8556701030927835,True,-0.18691813052636067,-0.2002328459270794,-0.17345433583239456,0.0,0.0,0.0,-0.14182731198513407,-0.15503783669771065,-0.12868862628816988,0.0,0.0,0.0
B1_fixed,mpnet_base_v2,MPNet-base-v2,90,2749,5,3,0.030000000000000006,heldout_unselected_items_only_phase2_convention,False,0.5542630785972928,0.5429039624510846,0.5656221947435011,0.7028069657170741,0.6912849911397095,0.7143289402944387,1.061181930864642,1.0468557500573195,1.0755081116719645,0.5106947981084031,0.5043825428753526,0.5170070533414537,0.7021098581302292,0.6905312069963163,0.7136885092641421,0.9937855401208808,0.9932350123642706,0.9943360678774911,0.9925898935794552,0.9919394878542539,0.9932402993046564,0.875,0.875,0.875,True,-0.047004790076630214,-0.05822706597572796,-0.03583192609675441,0.0,0.0,0.0,-0.031545704938411745,-0.042425573754002584,-0.020342446686272882,0.0,0.0,0.0
B1_fixed,sbert_original,SBERT (original),90,2749,5,3,0.030000000000000006,heldout_unselected_items_only_phase2_convention,False,0.601267868673923,0.5903691644749751,0.6121665728728709,0.6664310539721134,0.655229709494299,0.6776323984499278,0.9766618144528841,0.963329256215438,0.9899943726903303,0.5134594397962896,0.5066620283450937,0.5202568512474856,0.6617315387413606,0.6503009501407274,0.6731621273419938,0.9934695818085407,0.9928665740258222,0.9940725895912592,0.9937064533469663,0.9931010741309103,0.9943118325630222,1.0,1.0,1.0,False,,,,,,,4.990367968953021e-18,3.7150889725465816e-18,6.242704332051589e-18,0.0,0.0,0.0
B2_tuned,bge_base_en_v15,BGE-base-en-v1.5,10,2749,5,5,0.09999999999999998,heldout_unselected_items_only_phase2_convention,False,0.32331505603904653,0.3175660489792631,0.32906406309882996,1.010024809728,1.0034727501695389,1.0165768692864612,1.2687987889276762,1.2609000210765935,1.2766975567787588,0.3250757851339881,0.3219904268343258,0.3281611434336504,0.9826563194697061,0.9757728239442854,0.9895398149951268,0.7280641941403515,0.7172075605419026,0.7389208277388004,0.5954651605426056,0.5802247557850755,0.6107055653001356,0.25,0.25,0.25,True,0.046589816760758906,0.041722955677218794,0.0514219205180706,0.0,0.0,0.0,0.027960572345322385,0.02281965843919273,0.033056562871890745,0.0,0.0,0.0
B2_tuned,e5_base_v2,E5-base-v2,10,2749,5,5,0.030000000000000006,heldout_unselected_items_only_phase2_convention,False,0.30027094305113505,0.2940447724864431,0.306497113615827,1.0105017643177239,1.0039252989387202,1.0170782296967276,1.2809844110238156,1.2732073357779505,1.2887614862696806,0.3276787518693666,0.3248221439788464,0.33053535975988685,0.9886302089648762,0.9817175122558844,0.9955429056738679,0.6962904212426498,0.6848002503900236,0.7077805920952761,0.6154832288483967,0.5991426135283073,0.631823844168486,0.17647058823529413,0.17647058823529413,0.17647058823529413,True,0.023479509410731444,0.018175096340632958,0.028763527173195018,0.0,0.0,0.0,0.0075735042339397625,0.002381895909754296,0.012809375324936038,0.0058,0.028999999999999998,0.0072499999999999995
B2_tuned,minilm_l6_v2,MiniLM-L6-v2,10,2749,5,7,0.09999999999999998,heldout_unselected_items_only_phase2_convention,False,0.2984767851163499,0.2928953568434946,0.3040582133892052,1.0020504141288333,0.9957041825211562,1.0083966457365103,1.2641824367930026,1.2566976441962006,1.2716672293898046,0.3252980881936866,0.32236238412324086,0.32823379226413235,0.9805666707085404,0.9739299961539836,0.9872033452630973,0.7484268542480133,0.7381870664865509,0.7586666420094756,0.657470368097711,0.6454767170690308,0.6694640191263912,0.11111111111111112,0.1111111111111111,0.1111111111111111,True,0.02175154583806232,0.016539360219687202,0.0272343176362707,0.0,0.0,0.0,0.027242585976027335,0.021633807802567746,0.03285060305475859,0.0,0.0,0.0
B2_tuned,mpnet_base_v2,MPNet-base-v2,10,2749,5,7,0.09999999999999998,heldout_unselected_items_only_phase2_convention,False,0.3506870790084507,0.34489873591457004,0.35647542210233135,0.9835946986214231,0.9770652684641217,0.9901241287787246,1.2738312302454537,1.2657763491946699,1.2818861112962376,0.35098419627339233,0.3480054717879066,0.3539629207588781,0.9623014429489511,0.9554401347441696,0.9691627511537327,0.7715351048489159,0.761357824600915,0.7817123850969168,0.6776437346024969,0.6609058983904588,0.6943815708145351,0.17647058823529413,0.17647058823529413,0.17647058823529413,True,0.07396183973016311,0.06865689522998045,0.07928370090640458,0.0,0.0,0.0,0.05873403332705263,0.05377560291560944,0.06388665468251768,0.0,0.0,0.0
B2_tuned,sbert_original,SBERT (original),10,2749,5,10,0.09999999999999998,heldout_unselected_items_only_phase2_convention,False,0.27672523927828757,0.2711094228116494,0.28234105574492574,1.018599347117257,1.0121456118271985,1.0250530824073154,1.2867025852028129,1.2790701018407096,1.2943350685649162,0.32054080271613916,0.31776557472801326,0.32331603070426507,1.0015237864273878,0.9947568044995658,1.0082907683552098,0.6954221575704942,0.6838204859760816,0.7070238291649068,0.6429576360119515,0.615014371349665,0.6709009006742381,1.0,1.0,1.0,False,,,,,,,2.5448045800835235e-17,2.418039379978791e-17,2.6705871479927637e-17,0.0,0.0,0.0
B2_tuned,bge_base_en_v15,BGE-base-en-v1.5,30,2749,5,10,0.09999999999999998,heldout_unselected_items_only_phase2_convention,False,0.4272834756213724,0.4212203480366922,0.4333466032060526,0.9264240890038625,0.9205876965375763,0.9322604814701487,1.1347445931509674,1.1282459410801853,1.1412432452217496,0.322236657485839,0.3188089425600394,0.32566437241163865,0.9007587174556981,0.8944003015154988,0.9071171333958975,0.903190127309943,0.8980421007538586,0.9083381538660273,0.8662269913974908,0.8604730494371603,0.8719809333578213,0.30434782608695654,0.30434782608695654,0.30434782608695654,True,0.04676778980623492,0.04263431594018915,0.05084542028741613,0.0,0.0,0.0,0.00673565526180336,0.0035665238483629687,0.00990374585746356,0.0002,0.0012000000000000001,0.0002666666666666667
B2_tuned,e5_base_v2,E5-base-v2,30,2749,5,5,0.08999636231356856,heldout_unselected_items_only_phase2_convention,False,0.40709118209623385,0.4014864435351636,0.4126959206573041,0.9367305372308071,0.9306766961530972,0.942784378308517,1.1523466089079648,1.1455547462504072,1.1591384715655224,0.32119731850543054,0.3179911891695172,0.3244034478413439,0.9113132048017462,0.9048230910586652,0.9178033185448271,0.8863846305628672,0.8805947277893732,0.8921745333363612,0.8320712463464762,0.8242992034000245,0.839843289292928,0.22448979591836732,0.22448979591836735,0.22448979591836735,True,0.026575496281096216,0.02232251720417264,0.03079400792942944,0.0,0.0,0.0,-0.023712277731035153,-0.027091952694784167,-0.0203283858456774,0.0,0.0,0.0
B2_tuned,minilm_l6_v2,MiniLM-L6-v2,30,2749,5,5,0.12000727537286283,heldout_unselected_items_only_phase2_convention,False,0.4066706723925082,0.4011247030265932,0.4122166417584232,0.9225460521146989,0.9165756291056539,0.9285164751237438,1.1703133892754827,1.1633018369543755,1.1773249415965898,0.3493374213999896,0.3463957966659125,0.35227904613406663,0.8998960661019592,0.8936327366808452,0.9061593955230731,0.9115881293228799,0.9068707584691996,0.9163055001765602,0.8730728054410166,0.8657813932907306,0.8803642175913027,0.2,0.2,0.2,True,0.02615498657737066,0.021789265069634627,0.030529744385091102,0.0,0.0,0.0,0.00026164909147987985,-0.003006248428088789,0.0035427797499345973,0.8828,0.8828,0.8827999999999999
B2_tuned,mpnet_base_v2,MPNet-base-v2,30,2749,5,5,0.19999999999999996,heldout_unselected_items_only_phase2_convention,False,0.4356072004359351,0.42981158267541153,0.44140281819645866,0.9236492414427285,0.9177075766068924,0.9295909062785647,1.170961862122487,1.163869098633274,1.1780546256117002,0.3517798680039495,0.34865654591186224,0.35490319009603677,0.8979784856831055,0.8916392794586665,0.9043176919075444,0.9108417005301124,0.9060616322636729,0.9156217687965519,0.8786433785741062,0.873583715178024,0.8837030419701885,0.30434782608695654,0.30434782608695654,0.30434782608695654,True,0.05509151462079754,0.051022756623643126,0.05923017525941832,0.0,0.0,0.0,-0.011765535472295417,-0.01483256808565489,-0.008677333707298172,0.0,0.0,0.0
B2_tuned,sbert_original,SBERT (original),30,2749,5,7,0.19999999999999996,heldout_unselected_items_only_phase2_convention,False,0.3805156858151376,0.37513066025099623,0.385900711379279,0.9537267057573703,0.9477388882919991,0.9597145232227414,1.180398481568288,1.1735851340148344,1.1872118291217415,0.3235046510419373,0.3203183020080698,0.3266910000758048,0.9258639505274645,0.9194598925121173,0.9322680085428117,0.8901357717839826,0.8846651011459924,0.8956064424219728,0.8531595304858295,0.8418089255966076,0.8645101353750514,0.9354838709677418,0.9354838709677419,0.9354838709677419,True,,,,,,,0.000471165885497201,-0.0003237581845531168,0.001285113745984968,0.2608,0.7824,0.28977777777777775
B2_tuned,bge_base_en_v15,BGE-base-en-v1.5,50,2749,5,10,0.09999999999999998,heldout_unselected_items_only_phase2_convention,False,0.4657167848030815,0.4590333261383618,0.4724002434678012,0.8956190095449703,0.8897315112264474,0.9015065078634932,1.1007080059650487,1.0940790126265196,1.1073369993035778,0.33738086576937065,0.3338143823233335,0.3409473492154078,0.8675372862859221,0.8610923261542218,0.8739822464176223,0.9304602126604729,0.9266683125279129,0.9342521127930328,0.9458046419337498,0.9434174230680937,0.9481918607994059,0.5151515151515151,0.5151515151515151,0.5151515151515151,True,0.027569917782683875,0.022966998195587614,0.03217858175514019,0.0,0.0,0.0,-0.021487029752754294,-0.024954511288705013,-0.01793116560310217,0.0,0.0,0.0
B2_tuned,e5_base_v2,E5-base-v2,50,2749,5,10,0.06998908694070569,heldout_unselected_items_only_phase2_convention,False,0.46580911576815837,0.45934740249015676,0.47227082904615997,0.9066944780706019,0.9005815107691335,0.9128074453720703,1.1122429066375141,1.1054084337024448,1.1190773795725835,0.32758821389596215,0.3239591900636443,0.33121723772828,0.8814477991997092,0.874801802717341,0.8880937956820774,0.9403806856227188,0.9366016340460166,0.944159737199421,0.9284002879936637,0.921728596698545,0.9350719792887824,0.44927536231884063,0.4492753623188406,0.4492753623188406,True,0.02766224874776064,0.022892817355502578,0.03243191542293821,0.0,0.0,0.0,-0.010325883927943622,-0.014236033789715144,-0.006415436102020101,0.0,0.0,0.0
B2_tuned,minilm_l6_v2,MiniLM-L6-v2,50,2749,5,5,0.19999999999999996,heldout_unselected_items_only_phase2_convention,False,0.46519435752767235,0.45912012612178493,0.4712685889335598,0.8881936052712736,0.8821769889589616,0.8942102215835855,1.1077168093536736,1.1007496897122782,1.114683928995069,0.35284103310294657,0.3494804880205706,0.35620157818532255,0.8603564932702801,0.8538385264682032,0.8668744600723569,0.9485831745281076,0.9457718953343671,0.951394453721848,0.9401773701503433,0.9372673868286864,0.9430873534720002,0.3333333333333333,0.3333333333333333,0.3333333333333333,True,0.02704749050727469,0.022148162892305957,0.03173148048303509,0.0,0.0,0.0,0.013197166588755438,0.009201591132532033,0.01716788067094863,0.0,0.0,0.0
B2_tuned,mpnet_base_v2,MPNet-base-v2,50,2749,5,5,0.19999999999999996,heldout_unselected_items_only_phase2_convention,False,0.4877969980988802,0.4817824396477598,0.49381155655000064,0.8911822962489293,0.8850615670972646,0.897303025400594,1.1309459509481001,1.1236213268337463,1.138270575062454,0.36371771553292104,0.3603529858813178,0.36708244518452426,0.8655802109858132,0.8589794538192499,0.8721809681523764,0.954429567673585,0.9517463385349384,0.9571127968122316,0.9389613906841621,0.9354293319614804,0.9424934494068438,0.4084507042253521,0.4084507042253521,0.4084507042253521,True,0.04965013107848252,0.04527395164380704,0.054057220919648034,0.0,0.0,0.0,-0.001808267301305248,-0.0053886181876946744,0.0018230200735530667,0.3264,0.7824,0.3435789473684211
B2_tuned,sbert_original,SBERT (original),50,2749,5,10,0.19999999999999996,heldout_unselected_items_only_phase2_convention,False,0.4381468670203977,0.4322858368447257,0.44400789719606965,0.9146084258510885,0.9084944971718729,0.920722354530304,1.1128743293075891,1.1061908036132826,1.1195578550018956,0.3185449254274282,0.3149137094862735,0.32217614136858286,0.8887522735540198,0.8821176522584112,0.8953868948496283,0.9544647217716428,0.9518124283323872,0.9571170152108983,0.9404264779028223,0.9356480116558747,0.9452049441497699,0.9230769230769231,0.9230769230769231,0.9230769230769231,True,,,,,,,0.0064956815250104445,0.005006270166658371,0.00797755987430758,0.0,0.0,0.0
B2_tuned,bge_base_en_v15,BGE-base-en-v1.5,90,2749,5,15,0.09999999999999998,heldout_unselected_items_only_phase2_convention,False,0.5965049916384709,0.585054750988196,0.6079552322887458,0.7539751448938732,0.7454881738847237,0.7624621159030227,0.9227307848126445,0.9121865142758753,0.9332750553494137,0.40443797744634413,0.3979601690008224,0.4109157858918659,0.7209166969807203,0.7111575412590294,0.7306758527024111,0.9952473187709237,0.9947888810420686,0.9957057564997787,0.9939753000768974,0.9936008609724721,0.9943497391813226,0.8947368421052632,0.8947368421052632,0.8947368421052632,True,-0.016797225629405277,-0.027317000005584496,-0.006011858809434857,0.0018,0.0036,0.00192,-0.02019179996188993,-0.030550844652125618,-0.009732504120955126,0.0,0.0,0.0
B2_tuned,e5_base_v2,E5-base-v2,90,2749,5,10,0.08999636231356856,heldout_unselected_items_only_phase2_convention,False,0.5389630715515931,0.5292886324915722,0.5486375106116139,0.8132163715097147,0.8051042075211882,0.8213285354982413,1.0010206731481337,0.9915275018319286,1.0105138444643387,0.3817388141142234,0.3755217065211062,0.38795592170734056,0.7811567842851945,0.7717948583198884,0.7905187102505007,0.9950044005376394,0.9945838481114035,0.9954249529638752,0.9942645421431321,0.9940724117104309,0.9944566725758333,0.8181818181818181,0.8181818181818182,0.8181818181818182,True,-0.074339145716283,-0.08674467001204052,-0.06203572712896984,0.0,0.0,0.0,-0.06762340793071721,-0.07961035700006325,-0.05569028191495379,0.0,0.0,0.0
B2_tuned,minilm_l6_v2,MiniLM-L6-v2,90,2749,5,15,0.19999999999999996,heldout_unselected_items_only_phase2_convention,False,0.5298658792510795,0.518720909140144,0.541010849362015,0.7774463242663395,0.7685409938716242,0.7863516546610548,0.9735123783152418,0.9623247896412135,0.9846999669892702,0.41709712622771916,0.4109065526274524,0.4232876998279859,0.744343397599127,0.734206227685025,0.7544805675132291,0.9951920472298084,0.9948127115787095,0.9955713828809072,0.9935019004724825,0.99297968531619,0.9940241156287751,0.8556701030927835,0.8556701030927835,0.8556701030927835,True,-0.08343633801679667,-0.0956204776445264,-0.07082812761156959,0.0,0.0,0.0,-0.043639706261286486,-0.055417883433596264,-0.03203193323702838,0.0,0.0,0.0
B2_tuned,mpnet_base_v2,MPNet-base-v2,90,2749,5,7,0.19999999999999996,heldout_unselected_items_only_phase2_convention,False,0.5972354258318525,0.5861773778599884,0.6082934738037167,0.7076138085596302,0.6988444542922143,0.7163831628270461,0.9074501830774998,0.8958456139379234,0.9190547522170762,0.4724627137140777,0.46595982812592635,0.4789655993022291,0.6652600945798472,0.6551041693632729,0.6754160197964216,0.9952989982936782,0.9949042790962328,0.9956937174911236,0.9941665466316769,0.9937495555045414,0.9945835377588125,0.875,0.875,0.875,True,-0.01606679143602359,-0.027569140271425097,-0.004632787299196538,0.0052,0.0052,0.0052,-0.01201993497910382,-0.023007926583032683,-0.0010014276778841133,0.0342,0.1368,0.040235294117647064
B2_tuned,sbert_original,SBERT (original),90,2749,5,3,0.19999999999999996,heldout_unselected_items_only_phase2_convention,False,0.613302217267876,0.6024099002162174,0.6241945343195346,0.6869052161840851,0.677325782630205,0.6964846497379651,0.9060759403760774,0.8943229404027346,0.9178289403494202,0.4876318661331393,0.48091817710521406,0.49434555516106454,0.6592942888323026,0.6486819797825287,0.6699065978820764,0.9947802190453909,0.9942586326037991,0.9953018054869828,0.9946244015255814,0.9941551253830728,0.99509367766809,1.0,1.0,1.0,False,,,,,,,4.428184680898219e-18,3.1564960191968814e-18,5.6706929959194164e-18,0.0,0.0,0.0
