phase,comparison_family,comparison,ratio,version,embedding_key,embedding_label,metric,delta_mean,ci_lower,ci_upper,p_raw,p_holm,p_bh,n_pairs,bootstrap_unit,source_artifact
phase1,phase1_vs_random,BalancedRandom vs Random,10,,sbert_original,SBERT (original),item_r,0.0066347508153212,0.0025157039311827,0.0096234315930114,0.0008,,,5,folds_or_repeats_as_phase1_reported,results/phase1/figures/statistical_tests.csv
phase1,phase1_vs_random,Coverage vs Random,10,,sbert_original,SBERT (original),item_r,0.0151909871659429,0.0082610095907495,0.0224328262351215,0.0,,,5,folds_or_repeats_as_phase1_reported,results/phase1/figures/statistical_tests.csv
phase1,phase1_vs_random,Coverage+Div vs Random,10,,sbert_original,SBERT (original),item_r,0.0105065316720823,0.0042173988206827,0.0184195621794657,0.0,,,5,folds_or_repeats_as_phase1_reported,results/phase1/figures/statistical_tests.csv
phase1,phase1_vs_random,TraitPredictiveness vs Random,10,,sbert_original,SBERT (original),item_r,-0.0165589974377927,-0.0202729227107994,-0.0130399963490718,0.0,,,5,folds_or_repeats_as_phase1_reported,results/phase1/figures/statistical_tests.csv
phase1,phase1_vs_random,Hybrid-A vs Random,10,,sbert_original,SBERT (original),item_r,-0.0035092442978311,-0.007787896630598,0.0028243926338016,0.2432,,,5,folds_or_repeats_as_phase1_reported,results/phase1/figures/statistical_tests.csv
phase1,phase1_vs_random,Hybrid-B vs Random,10,,sbert_original,SBERT (original),item_r,0.0027608038931652,-0.0016111018599596,0.0077181079347337,0.239,,,5,folds_or_repeats_as_phase1_reported,results/phase1/figures/statistical_tests.csv
phase1,phase1_vs_random,Hybrid-C vs Random,10,,sbert_original,SBERT (original),item_r,0.0063426044437878,0.0002934555333984,0.0106469306089814,0.0462,,,5,folds_or_repeats_as_phase1_reported,results/phase1/figures/statistical_tests.csv
phase1,phase1_vs_random,BalancedRandom vs Random,30,,sbert_original,SBERT (original),item_r,0.0151685381590365,0.0106094746390137,0.0196979417804835,0.0,,,5,folds_or_repeats_as_phase1_reported,results/phase1/figures/statistical_tests.csv
phase1,phase1_vs_random,Coverage vs Random,30,,sbert_original,SBERT (original),item_r,0.0571296683723329,0.0525682874773395,0.0616808631782562,0.0,,,5,folds_or_repeats_as_phase1_reported,results/phase1/figures/statistical_tests.csv
phase1,phase1_vs_random,Coverage+Div vs Random,30,,sbert_original,SBERT (original),item_r,0.0243814517814411,0.0203457834547931,0.0284171201080891,0.0,,,5,folds_or_repeats_as_phase1_reported,results/phase1/figures/statistical_tests.csv
phase1,phase1_vs_random,TraitPredictiveness vs Random,30,,sbert_original,SBERT (original),item_r,-0.0756743789540635,-0.0942086750939013,-0.0606730604278171,0.0,,,5,folds_or_repeats_as_phase1_reported,results/phase1/figures/statistical_tests.csv
phase1,phase1_vs_random,Hybrid-A vs Random,30,,sbert_original,SBERT (original),item_r,0.0013069554066094,-0.0115849286894661,0.0122308544473582,0.8102,,,5,folds_or_repeats_as_phase1_reported,results/phase1/figures/statistical_tests.csv
phase1,phase1_vs_random,Hybrid-B vs Random,30,,sbert_original,SBERT (original),item_r,0.0150496146453831,0.006237334016971,0.0218251740023202,0.0008,,,5,folds_or_repeats_as_phase1_reported,results/phase1/figures/statistical_tests.csv
phase1,phase1_vs_random,Hybrid-C vs Random,30,,sbert_original,SBERT (original),item_r,0.0299269416532416,0.0208783802021033,0.0405539182633279,0.0,,,5,folds_or_repeats_as_phase1_reported,results/phase1/figures/statistical_tests.csv
phase1,phase1_vs_random,BalancedRandom vs Random,50,,sbert_original,SBERT (original),item_r,0.0084911357571535,0.0027814521973871,0.0139233229012044,0.007,,,5,folds_or_repeats_as_phase1_reported,results/phase1/figures/statistical_tests.csv
phase1,phase1_vs_random,Coverage vs Random,50,,sbert_original,SBERT (original),item_r,0.0270058885717584,0.0239625654197415,0.0298673232761112,0.0,,,5,folds_or_repeats_as_phase1_reported,results/phase1/figures/statistical_tests.csv
phase1,phase1_vs_random,Coverage+Div vs Random,50,,sbert_original,SBERT (original),item_r,0.0172546751038841,0.0135517304932162,0.0222036331453188,0.0,,,5,folds_or_repeats_as_phase1_reported,results/phase1/figures/statistical_tests.csv
phase1,phase1_vs_random,TraitPredictiveness vs Random,50,,sbert_original,SBERT (original),item_r,-0.1571229091145595,-0.1682814742927016,-0.1461706452266689,0.0,,,5,folds_or_repeats_as_phase1_reported,results/phase1/figures/statistical_tests.csv
phase1,phase1_vs_random,Hybrid-A vs Random,50,,sbert_original,SBERT (original),item_r,0.0090246489863217,0.0059431831960529,0.0133068634687466,0.0,,,5,folds_or_repeats_as_phase1_reported,results/phase1/figures/statistical_tests.csv
phase1,phase1_vs_random,Hybrid-B vs Random,50,,sbert_original,SBERT (original),item_r,0.0085360421289093,0.0002915455331154,0.0145279792167436,0.0322,,,5,folds_or_repeats_as_phase1_reported,results/phase1/figures/statistical_tests.csv
phase1,phase1_vs_random,Hybrid-C vs Random,50,,sbert_original,SBERT (original),item_r,0.0177318193658594,0.0080594780574839,0.0278286904500987,0.0,,,5,folds_or_repeats_as_phase1_reported,results/phase1/figures/statistical_tests.csv
phase1,phase1_vs_random,BalancedRandom vs Random,90,,sbert_original,SBERT (original),item_r,0.0222224785766202,0.0145059385727138,0.0296764055057001,0.0,,,5,folds_or_repeats_as_phase1_reported,results/phase1/figures/statistical_tests.csv
phase1,phase1_vs_random,Coverage vs Random,90,,sbert_original,SBERT (original),item_r,0.1627588727653691,0.1514784061792587,0.1762485633440381,0.0,,,5,folds_or_repeats_as_phase1_reported,results/phase1/figures/statistical_tests.csv
phase1,phase1_vs_random,Coverage+Div vs Random,90,,sbert_original,SBERT (original),item_r,0.1443909256781964,0.1346722632994717,0.156757907887127,0.0,,,5,folds_or_repeats_as_phase1_reported,results/phase1/figures/statistical_tests.csv
phase1,phase1_vs_random,TraitPredictiveness vs Random,90,,sbert_original,SBERT (original),item_r,-0.1244056122995409,-0.1318378487880591,-0.1169733758110229,0.0,,,5,folds_or_repeats_as_phase1_reported,results/phase1/figures/statistical_tests.csv
phase1,phase1_vs_random,Hybrid-A vs Random,90,,sbert_original,SBERT (original),item_r,0.0486214581177347,0.034270501665888,0.0627927868380424,0.0,,,5,folds_or_repeats_as_phase1_reported,results/phase1/figures/statistical_tests.csv
phase1,phase1_vs_random,Hybrid-B vs Random,90,,sbert_original,SBERT (original),item_r,0.0135212580428979,-0.0171668329432622,0.0442093490290581,0.372,,,5,folds_or_repeats_as_phase1_reported,results/phase1/figures/statistical_tests.csv
phase1,phase1_vs_random,Hybrid-C vs Random,90,,sbert_original,SBERT (original),item_r,0.0138632986907545,-0.0106981808846869,0.0413562246747847,0.2692,,,5,folds_or_repeats_as_phase1_reported,results/phase1/figures/statistical_tests.csv
phase1,phase1_vs_random,Coverage vs BalancedRandom,10,,sbert_original,SBERT (original),item_r,0.0085562363506216,0.0010811143511539,0.0149102712006764,0.0188,,,5,folds_or_repeats_as_phase1_reported,results/phase1/figures/statistical_tests.csv
phase1,phase1_vs_random,Coverage vs BalancedRandom,30,,sbert_original,SBERT (original),item_r,0.0419611302132963,0.0380320053652467,0.0458242122080204,0.0,,,5,folds_or_repeats_as_phase1_reported,results/phase1/figures/statistical_tests.csv
phase1,phase1_vs_random,Coverage vs BalancedRandom,50,,sbert_original,SBERT (original),item_r,0.0185147528146048,0.0135125502869281,0.0238832314025932,0.0,,,5,folds_or_repeats_as_phase1_reported,results/phase1/figures/statistical_tests.csv
phase1,phase1_vs_random,Coverage vs BalancedRandom,90,,sbert_original,SBERT (original),item_r,0.1405363941887489,0.127906209825966,0.1534924098736211,0.0,,,5,folds_or_repeats_as_phase1_reported,results/phase1/figures/statistical_tests.csv
phase2,phase2_predictor_ablation,CosineWeightedKNN vs Tuned UniformKNN,10,,sbert_original,SBERT (original),item_r,0.0264526242719138,0.0117076032133533,0.0368707286905896,0.0002,,,5,paired_by_fold_as_phase2_reported,results/phase2/figures/statistical_tests_phase2.csv
phase2,phase2_predictor_ablation,CosineWeightedKNN vs Tuned UniformKNN,30,,sbert_original,SBERT (original),item_r,0.002772142107952,0.0025335716461605,0.0030569624508016,0.0,,,5,paired_by_fold_as_phase2_reported,results/phase2/figures/statistical_tests_phase2.csv
phase2,phase2_predictor_ablation,CosineWeightedKNN vs Tuned UniformKNN,50,,sbert_original,SBERT (original),item_r,0.0010631576737684,0.0008896246422076,0.0012366907053291,0.0,,,5,paired_by_fold_as_phase2_reported,results/phase2/figures/statistical_tests_phase2.csv
phase2,phase2_predictor_ablation,CosineWeightedKNN vs Tuned UniformKNN,90,,sbert_original,SBERT (original),item_r,8.306738582661844e-05,-0.0002277621417852,0.0004238937320145,0.636,,,5,paired_by_fold_as_phase2_reported,results/phase2/figures/statistical_tests_phase2.csv
phase2,phase2_predictor_ablation,SoftmaxKNN vs Tuned UniformKNN,10,,sbert_original,SBERT (original),item_r,0.1340535558606299,0.1307299408304725,0.1381302373764822,0.0,,,5,paired_by_fold_as_phase2_reported,results/phase2/figures/statistical_tests_phase2.csv
phase2,phase2_predictor_ablation,SoftmaxKNN vs Tuned UniformKNN,30,,sbert_original,SBERT (original),item_r,0.0685514749198552,0.0677334745766303,0.0695629981341135,0.0,,,5,paired_by_fold_as_phase2_reported,results/phase2/figures/statistical_tests_phase2.csv
phase2,phase2_predictor_ablation,SoftmaxKNN vs Tuned UniformKNN,50,,sbert_original,SBERT (original),item_r,0.0625516618653508,0.0597004304440618,0.0654128936749373,0.0,,,5,paired_by_fold_as_phase2_reported,results/phase2/figures/statistical_tests_phase2.csv
phase2,phase2_predictor_ablation,SoftmaxKNN vs Tuned UniformKNN,90,,sbert_original,SBERT (original),item_r,0.0412447199956268,0.0377167432902788,0.0447726967009747,0.0,,,5,paired_by_fold_as_phase2_reported,results/phase2/figures/statistical_tests_phase2.csv
phase2,phase2_predictor_ablation,KernelSmoothing vs Tuned UniformKNN,10,,sbert_original,SBERT (original),item_r,0.132466490750291,0.1287490975552885,0.1370297722960979,0.0,,,5,paired_by_fold_as_phase2_reported,results/phase2/figures/statistical_tests_phase2.csv
phase2,phase2_predictor_ablation,KernelSmoothing vs Tuned UniformKNN,30,,sbert_original,SBERT (original),item_r,0.0512231859570133,0.049150754628896,0.0535862212254238,0.0,,,5,paired_by_fold_as_phase2_reported,results/phase2/figures/statistical_tests_phase2.csv
phase2,phase2_predictor_ablation,KernelSmoothing vs Tuned UniformKNN,50,,sbert_original,SBERT (original),item_r,0.0482022173334576,0.0419911598598525,0.053069188464426,0.0,,,5,paired_by_fold_as_phase2_reported,results/phase2/figures/statistical_tests_phase2.csv
phase2,phase2_predictor_ablation,KernelSmoothing vs Tuned UniformKNN,90,,sbert_original,SBERT (original),item_r,0.0418435366999399,0.0394674082748614,0.0440446706935528,0.0,,,5,paired_by_fold_as_phase2_reported,results/phase2/figures/statistical_tests_phase2.csv
phase2,phase2_predictor_ablation,SoftmaxKNN vs CosineWeightedKNN,10,,sbert_original,SBERT (original),item_r,0.1076009315887161,0.099109453306633,0.1197360245693144,0.0,,,5,paired_by_fold_as_phase2_reported,results/phase2/figures/statistical_tests_phase2.csv
phase2,phase2_predictor_ablation,SoftmaxKNN vs CosineWeightedKNN,30,,sbert_original,SBERT (original),item_r,0.0657793328119032,0.0650956935107726,0.0665452901367663,0.0,,,5,paired_by_fold_as_phase2_reported,results/phase2/figures/statistical_tests_phase2.csv
phase2,phase2_predictor_ablation,SoftmaxKNN vs CosineWeightedKNN,50,,sbert_original,SBERT (original),item_r,0.0614885041915824,0.05880610688681,0.0642247811218591,0.0,,,5,paired_by_fold_as_phase2_reported,results/phase2/figures/statistical_tests_phase2.csv
phase2,phase2_predictor_ablation,SoftmaxKNN vs CosineWeightedKNN,90,,sbert_original,SBERT (original),item_r,0.0411616526098001,0.0375327452875285,0.0447905599320718,0.0,,,5,paired_by_fold_as_phase2_reported,results/phase2/figures/statistical_tests_phase2.csv
phase2,phase2_predictor_ablation,SoftmaxKNN vs KernelSmoothing,10,,sbert_original,SBERT (original),item_r,0.0015870651103389,0.0010166093832349,0.002157520837443,0.0,,,5,paired_by_fold_as_phase2_reported,results/phase2/figures/statistical_tests_phase2.csv
phase2,phase2_predictor_ablation,SoftmaxKNN vs KernelSmoothing,30,,sbert_original,SBERT (original),item_r,0.0173282889628419,0.0156029069528273,0.0190536709728564,0.0,,,5,paired_by_fold_as_phase2_reported,results/phase2/figures/statistical_tests_phase2.csv
phase2,phase2_predictor_ablation,SoftmaxKNN vs KernelSmoothing,50,,sbert_original,SBERT (original),item_r,0.0143494445318931,0.0116076662388813,0.0179795205444974,0.0,,,5,paired_by_fold_as_phase2_reported,results/phase2/figures/statistical_tests_phase2.csv
phase2,phase2_predictor_ablation,SoftmaxKNN vs KernelSmoothing,90,,sbert_original,SBERT (original),item_r,-0.0005988167043131,-0.0029316714496592,0.0011352213367198,0.6966,,,5,paired_by_fold_as_phase2_reported,results/phase2/figures/statistical_tests_phase2.csv
phase4,phase4_vs_sbert,bge_base_en_v15 vs sbert_original,10,A1_fixed,bge_base_en_v15,BGE-base-en-v1.5,per_subject_item_r,0.0103054022327632,0.0070914595885515,0.0135302300203206,0.0,0.0,0.0,2748,subjects_resampled_within_outer_fold,results/phase4/versionA_statistical_tests.csv
phase4,phase4_vs_sbert,e5_base_v2 vs sbert_original,10,A1_fixed,e5_base_v2,E5-base-v2,per_subject_item_r,-0.0481801713904087,-0.0523841520833845,-0.0440679098716069,0.0,0.0,0.0,2748,subjects_resampled_within_outer_fold,results/phase4/versionA_statistical_tests.csv
phase4,phase4_vs_sbert,minilm_l6_v2 vs sbert_original,10,A1_fixed,minilm_l6_v2,MiniLM-L6-v2,per_subject_item_r,-0.0094464266486161,-0.0136961527182525,-0.005093928126698,0.0,0.0,0.0,2748,subjects_resampled_within_outer_fold,results/phase4/versionA_statistical_tests.csv
phase4,phase4_vs_sbert,mpnet_base_v2 vs sbert_original,10,A1_fixed,mpnet_base_v2,MPNet-base-v2,per_subject_item_r,0.0121782011451862,0.0088015519182186,0.0156320952429576,0.0,0.0,0.0,2748,subjects_resampled_within_outer_fold,results/phase4/versionA_statistical_tests.csv
phase4,phase4_vs_sbert,bge_base_en_v15 vs sbert_original,30,A1_fixed,bge_base_en_v15,BGE-base-en-v1.5,per_subject_item_r,0.0424638709988457,0.0390292570366568,0.045893555097689,0.0,0.0,0.0,2748,subjects_resampled_within_outer_fold,results/phase4/versionA_statistical_tests.csv
phase4,phase4_vs_sbert,e5_base_v2 vs sbert_original,30,A1_fixed,e5_base_v2,E5-base-v2,per_subject_item_r,0.020781561303202,0.0169729258477175,0.0245675982816671,0.0,0.0,0.0,2748,subjects_resampled_within_outer_fold,results/phase4/versionA_statistical_tests.csv
phase4,phase4_vs_sbert,minilm_l6_v2 vs sbert_original,30,A1_fixed,minilm_l6_v2,MiniLM-L6-v2,per_subject_item_r,0.034835451013316,0.0307346921396999,0.0388411633728889,0.0,0.0,0.0,2748,subjects_resampled_within_outer_fold,results/phase4/versionA_statistical_tests.csv
phase4,phase4_vs_sbert,mpnet_base_v2 vs sbert_original,30,A1_fixed,mpnet_base_v2,MPNet-base-v2,per_subject_item_r,0.0698019537588454,0.0662885091901371,0.0733630568911306,0.0,0.0,0.0,2748,subjects_resampled_within_outer_fold,results/phase4/versionA_statistical_tests.csv
phase4,phase4_vs_sbert,bge_base_en_v15 vs sbert_original,50,A1_fixed,bge_base_en_v15,BGE-base-en-v1.5,per_subject_item_r,0.0480050912808379,0.0443749342387677,0.0517415538312746,0.0,0.0,0.0,2748,subjects_resampled_within_outer_fold,results/phase4/versionA_statistical_tests.csv
phase4,phase4_vs_sbert,e5_base_v2 vs sbert_original,50,A1_fixed,e5_base_v2,E5-base-v2,per_subject_item_r,0.0200803126052849,0.0158198631186476,0.0243701322351882,0.0,0.0,0.0,2748,subjects_resampled_within_outer_fold,results/phase4/versionA_statistical_tests.csv
phase4,phase4_vs_sbert,minilm_l6_v2 vs sbert_original,50,A1_fixed,minilm_l6_v2,MiniLM-L6-v2,per_subject_item_r,0.0183143144419281,0.0141992505926459,0.0224508075830882,0.0,0.0,0.0,2748,subjects_resampled_within_outer_fold,results/phase4/versionA_statistical_tests.csv
phase4,phase4_vs_sbert,mpnet_base_v2 vs sbert_original,50,A1_fixed,mpnet_base_v2,MPNet-base-v2,per_subject_item_r,0.05289432403121,0.0495231704343569,0.0562340364240524,0.0,0.0,0.0,2748,subjects_resampled_within_outer_fold,results/phase4/versionA_statistical_tests.csv
phase4,phase4_vs_sbert,bge_base_en_v15 vs sbert_original,90,A1_fixed,bge_base_en_v15,BGE-base-en-v1.5,per_subject_item_r,-0.0121966352330512,-0.017199118882729,-0.0072800155864202,0.0,0.0,0.0,2748,subjects_resampled_within_outer_fold,results/phase4/versionA_statistical_tests.csv
phase4,phase4_vs_sbert,e5_base_v2 vs sbert_original,90,A1_fixed,e5_base_v2,E5-base-v2,per_subject_item_r,0.005655322747879,0.0012265920091268,0.0102293735182793,0.0124,0.0124,0.0124,2748,subjects_resampled_within_outer_fold,results/phase4/versionA_statistical_tests.csv
phase4,phase4_vs_sbert,minilm_l6_v2 vs sbert_original,90,A1_fixed,minilm_l6_v2,MiniLM-L6-v2,per_subject_item_r,-0.0450908185412265,-0.0513124577967734,-0.038895586825516,0.0,0.0,0.0,2748,subjects_resampled_within_outer_fold,results/phase4/versionA_statistical_tests.csv
phase4,phase4_vs_sbert,mpnet_base_v2 vs sbert_original,90,A1_fixed,mpnet_base_v2,MPNet-base-v2,per_subject_item_r,-0.0154590851382184,-0.0205344342288659,-0.0103674634438146,0.0,0.0,0.0,2748,subjects_resampled_within_outer_fold,results/phase4/versionA_statistical_tests.csv
phase4,phase4_vs_sbert,bge_base_en_v15 vs sbert_original,10,A2_tuned,bge_base_en_v15,BGE-base-en-v1.5,per_subject_item_r,0.0186292444154365,0.0153373959958632,0.0218912068120347,0.0,0.0,0.0,2748,subjects_resampled_within_outer_fold,results/phase4/versionA_statistical_tests.csv
phase4,phase4_vs_sbert,e5_base_v2 vs sbert_original,10,A2_tuned,e5_base_v2,E5-base-v2,per_subject_item_r,0.0158420527147845,0.0128380261921672,0.0188376840300439,0.0,0.0,0.0,2748,subjects_resampled_within_outer_fold,results/phase4/versionA_statistical_tests.csv
phase4,phase4_vs_sbert,minilm_l6_v2 vs sbert_original,10,A2_tuned,minilm_l6_v2,MiniLM-L6-v2,per_subject_item_r,-0.0054910401379649,-0.0101333282752918,-0.0008978283044447,0.0184,0.0552,0.0210285714285714,2748,subjects_resampled_within_outer_fold,results/phase4/versionA_statistical_tests.csv
phase4,phase4_vs_sbert,mpnet_base_v2 vs sbert_original,10,A2_tuned,mpnet_base_v2,MPNet-base-v2,per_subject_item_r,0.0152278064031105,0.0118472374665338,0.0185834392530201,0.0,0.0,0.0,2748,subjects_resampled_within_outer_fold,results/phase4/versionA_statistical_tests.csv
phase4,phase4_vs_sbert,bge_base_en_v15 vs sbert_original,30,A2_tuned,bge_base_en_v15,BGE-base-en-v1.5,per_subject_item_r,0.0405033004299287,0.0371861197561375,0.0437381234456671,0.0,0.0,0.0,2748,subjects_resampled_within_outer_fold,results/phase4/versionA_statistical_tests.csv
phase4,phase4_vs_sbert,e5_base_v2 vs sbert_original,30,A2_tuned,e5_base_v2,E5-base-v2,per_subject_item_r,0.0507589398976285,0.0475594206638789,0.05395919227683,0.0,0.0,0.0,2748,subjects_resampled_within_outer_fold,results/phase4/versionA_statistical_tests.csv
phase4,phase4_vs_sbert,minilm_l6_v2 vs sbert_original,30,A2_tuned,minilm_l6_v2,MiniLM-L6-v2,per_subject_item_r,0.0263645033713879,0.0224710691781433,0.030263519938872,0.0,0.0,0.0,2748,subjects_resampled_within_outer_fold,results/phase4/versionA_statistical_tests.csv
phase4,phase4_vs_sbert,mpnet_base_v2 vs sbert_original,30,A2_tuned,mpnet_base_v2,MPNet-base-v2,per_subject_item_r,0.0673282159785901,0.063614183735299,0.0709908341648408,0.0,0.0,0.0,2748,subjects_resampled_within_outer_fold,results/phase4/versionA_statistical_tests.csv
phase4,phase4_vs_sbert,bge_base_en_v15 vs sbert_original,50,A2_tuned,bge_base_en_v15,BGE-base-en-v1.5,per_subject_item_r,0.0555526290604486,0.0519950396311227,0.0591302366595945,0.0,0.0,0.0,2748,subjects_resampled_within_outer_fold,results/phase4/versionA_statistical_tests.csv
phase4,phase4_vs_sbert,e5_base_v2 vs sbert_original,50,A2_tuned,e5_base_v2,E5-base-v2,per_subject_item_r,0.0444838142007147,0.0409850146531103,0.0479767181894804,0.0,0.0,0.0,2748,subjects_resampled_within_outer_fold,results/phase4/versionA_statistical_tests.csv
phase4,phase4_vs_sbert,minilm_l6_v2 vs sbert_original,50,A2_tuned,minilm_l6_v2,MiniLM-L6-v2,per_subject_item_r,0.0203460054435296,0.0159171143263719,0.0248842913820078,0.0,0.0,0.0,2748,subjects_resampled_within_outer_fold,results/phase4/versionA_statistical_tests.csv
phase4,phase4_vs_sbert,mpnet_base_v2 vs sbert_original,50,A2_tuned,mpnet_base_v2,MPNet-base-v2,per_subject_item_r,0.0579540799047982,0.0543254927117294,0.0617008088440788,0.0,0.0,0.0,2748,subjects_resampled_within_outer_fold,results/phase4/versionA_statistical_tests.csv
phase4,phase4_vs_sbert,bge_base_en_v15 vs sbert_original,90,A2_tuned,bge_base_en_v15,BGE-base-en-v1.5,per_subject_item_r,0.0033945743324846,-0.0012641217892515,0.0082172235977708,0.1624,0.2564,0.1624,2748,subjects_resampled_within_outer_fold,results/phase4/versionA_statistical_tests.csv
phase4,phase4_vs_sbert,e5_base_v2 vs sbert_original,90,A2_tuned,e5_base_v2,E5-base-v2,per_subject_item_r,-0.0067157377855657,-0.0112437989213416,-0.0022096146172047,0.0042,0.0168,0.0051692307692307,2748,subjects_resampled_within_outer_fold,results/phase4/versionA_statistical_tests.csv
phase4,phase4_vs_sbert,minilm_l6_v2 vs sbert_original,90,A2_tuned,minilm_l6_v2,MiniLM-L6-v2,per_subject_item_r,-0.0397966317555101,-0.04536373991184,-0.0339976106019267,0.0,0.0,0.0,2748,subjects_resampled_within_outer_fold,results/phase4/versionA_statistical_tests.csv
phase4,phase4_vs_sbert,mpnet_base_v2 vs sbert_original,90,A2_tuned,mpnet_base_v2,MPNet-base-v2,per_subject_item_r,-0.0040468564569197,-0.0093118516838181,0.0011335956098207,0.1282,0.2564,0.1367466666666666,2748,subjects_resampled_within_outer_fold,results/phase4/versionA_statistical_tests.csv
phase4,phase4_vs_sbert,bge_base_en_v15 vs sbert_original,10,B1_fixed,bge_base_en_v15,BGE-base-en-v1.5,per_subject_item_r,0.0403839477184057,0.0356077193945295,0.0451787205397966,0.0,0.0,0.0,2748,subjects_resampled_within_outer_fold,results/phase4/versionB_statistical_tests.csv
phase4,phase4_vs_sbert,e5_base_v2 vs sbert_original,10,B1_fixed,e5_base_v2,E5-base-v2,per_subject_item_r,-0.0307934047292477,-0.0360764829471294,-0.0253141474568129,0.0,0.0,0.0,2747,subjects_resampled_within_outer_fold,results/phase4/versionB_statistical_tests.csv
phase4,phase4_vs_sbert,minilm_l6_v2 vs sbert_original,10,B1_fixed,minilm_l6_v2,MiniLM-L6-v2,per_subject_item_r,0.0221621004666253,0.0169390928092315,0.0276498264019828,0.0,0.0,0.0,2748,subjects_resampled_within_outer_fold,results/phase4/versionB_statistical_tests.csv
phase4,phase4_vs_sbert,mpnet_base_v2 vs sbert_original,10,B1_fixed,mpnet_base_v2,MPNet-base-v2,per_subject_item_r,0.0743723943587261,0.0690635766247171,0.0796885899751084,0.0,0.0,0.0,2748,subjects_resampled_within_outer_fold,results/phase4/versionB_statistical_tests.csv
phase4,phase4_vs_sbert,bge_base_en_v15 vs sbert_original,30,B1_fixed,bge_base_en_v15,BGE-base-en-v1.5,per_subject_item_r,0.0587663380556004,0.0546740818426809,0.0628223868192109,0.0,0.0,0.0,2748,subjects_resampled_within_outer_fold,results/phase4/versionB_statistical_tests.csv
phase4,phase4_vs_sbert,e5_base_v2 vs sbert_original,30,B1_fixed,e5_base_v2,E5-base-v2,per_subject_item_r,0.0291258249599873,0.0245553461838334,0.0336543226568045,0.0,0.0,0.0,2748,subjects_resampled_within_outer_fold,results/phase4/versionB_statistical_tests.csv
phase4,phase4_vs_sbert,minilm_l6_v2 vs sbert_original,30,B1_fixed,minilm_l6_v2,MiniLM-L6-v2,per_subject_item_r,0.0404723561768061,0.0361399866100541,0.044734523763568,0.0,0.0,0.0,2748,subjects_resampled_within_outer_fold,results/phase4/versionB_statistical_tests.csv
phase4,phase4_vs_sbert,mpnet_base_v2 vs sbert_original,30,B1_fixed,mpnet_base_v2,MPNet-base-v2,per_subject_item_r,0.0612976487706763,0.0573396876480014,0.0652913479519533,0.0,0.0,0.0,2748,subjects_resampled_within_outer_fold,results/phase4/versionB_statistical_tests.csv
phase4,phase4_vs_sbert,bge_base_en_v15 vs sbert_original,50,B1_fixed,bge_base_en_v15,BGE-base-en-v1.5,per_subject_item_r,0.0341339201797493,0.0295338661469397,0.0387385885470631,0.0,0.0,0.0,2748,subjects_resampled_within_outer_fold,results/phase4/versionB_statistical_tests.csv
phase4,phase4_vs_sbert,e5_base_v2 vs sbert_original,50,B1_fixed,e5_base_v2,E5-base-v2,per_subject_item_r,0.0277028066161514,0.022726077199386,0.0328572629458072,0.0,0.0,0.0,2748,subjects_resampled_within_outer_fold,results/phase4/versionB_statistical_tests.csv
phase4,phase4_vs_sbert,minilm_l6_v2 vs sbert_original,50,B1_fixed,minilm_l6_v2,MiniLM-L6-v2,per_subject_item_r,0.021230215970255,0.0165422735865204,0.0257453250579298,0.0,0.0,0.0,2748,subjects_resampled_within_outer_fold,results/phase4/versionB_statistical_tests.csv
phase4,phase4_vs_sbert,mpnet_base_v2 vs sbert_original,50,B1_fixed,mpnet_base_v2,MPNet-base-v2,per_subject_item_r,0.0423430110601103,0.0380893215540463,0.0465726496606167,0.0,0.0,0.0,2748,subjects_resampled_within_outer_fold,results/phase4/versionB_statistical_tests.csv
phase4,phase4_vs_sbert,bge_base_en_v15 vs sbert_original,90,B1_fixed,bge_base_en_v15,BGE-base-en-v1.5,per_subject_item_r,-0.0547875968095415,-0.0654923847986365,-0.0439711536236478,0.0,0.0,0.0,2748,subjects_resampled_within_outer_fold,results/phase4/versionB_statistical_tests.csv
phase4,phase4_vs_sbert,e5_base_v2 vs sbert_original,90,B1_fixed,e5_base_v2,E5-base-v2,per_subject_item_r,-0.1358001567093469,-0.1491143220096782,-0.1226601776261527,0.0,0.0,0.0,2748,subjects_resampled_within_outer_fold,results/phase4/versionB_statistical_tests.csv
phase4,phase4_vs_sbert,minilm_l6_v2 vs sbert_original,90,B1_fixed,minilm_l6_v2,MiniLM-L6-v2,per_subject_item_r,-0.1869181305263606,-0.2002328459270794,-0.1734543358323945,0.0,0.0,0.0,2748,subjects_resampled_within_outer_fold,results/phase4/versionB_statistical_tests.csv
phase4,phase4_vs_sbert,mpnet_base_v2 vs sbert_original,90,B1_fixed,mpnet_base_v2,MPNet-base-v2,per_subject_item_r,-0.0470047900766302,-0.0582270659757279,-0.0358319260967544,0.0,0.0,0.0,2748,subjects_resampled_within_outer_fold,results/phase4/versionB_statistical_tests.csv
phase4,phase4_vs_sbert,bge_base_en_v15 vs sbert_original,10,B2_tuned,bge_base_en_v15,BGE-base-en-v1.5,per_subject_item_r,0.0465898167607589,0.0417229556772187,0.0514219205180706,0.0,0.0,0.0,2748,subjects_resampled_within_outer_fold,results/phase4/versionB_statistical_tests.csv
phase4,phase4_vs_sbert,e5_base_v2 vs sbert_original,10,B2_tuned,e5_base_v2,E5-base-v2,per_subject_item_r,0.0234795094107314,0.0181750963406329,0.028763527173195,0.0,0.0,0.0,2747,subjects_resampled_within_outer_fold,results/phase4/versionB_statistical_tests.csv
phase4,phase4_vs_sbert,minilm_l6_v2 vs sbert_original,10,B2_tuned,minilm_l6_v2,MiniLM-L6-v2,per_subject_item_r,0.0217515458380623,0.0165393602196872,0.0272343176362707,0.0,0.0,0.0,2748,subjects_resampled_within_outer_fold,results/phase4/versionB_statistical_tests.csv
phase4,phase4_vs_sbert,mpnet_base_v2 vs sbert_original,10,B2_tuned,mpnet_base_v2,MPNet-base-v2,per_subject_item_r,0.0739618397301631,0.0686568952299804,0.0792837009064045,0.0,0.0,0.0,2748,subjects_resampled_within_outer_fold,results/phase4/versionB_statistical_tests.csv
phase4,phase4_vs_sbert,bge_base_en_v15 vs sbert_original,30,B2_tuned,bge_base_en_v15,BGE-base-en-v1.5,per_subject_item_r,0.0467677898062349,0.0426343159401891,0.0508454202874161,0.0,0.0,0.0,2748,subjects_resampled_within_outer_fold,results/phase4/versionB_statistical_tests.csv
phase4,phase4_vs_sbert,e5_base_v2 vs sbert_original,30,B2_tuned,e5_base_v2,E5-base-v2,per_subject_item_r,0.0265754962810962,0.0223225172041726,0.0307940079294294,0.0,0.0,0.0,2748,subjects_resampled_within_outer_fold,results/phase4/versionB_statistical_tests.csv
phase4,phase4_vs_sbert,minilm_l6_v2 vs sbert_original,30,B2_tuned,minilm_l6_v2,MiniLM-L6-v2,per_subject_item_r,0.0261549865773706,0.0217892650696346,0.0305297443850911,0.0,0.0,0.0,2748,subjects_resampled_within_outer_fold,results/phase4/versionB_statistical_tests.csv
phase4,phase4_vs_sbert,mpnet_base_v2 vs sbert_original,30,B2_tuned,mpnet_base_v2,MPNet-base-v2,per_subject_item_r,0.0550915146207975,0.0510227566236431,0.0592301752594183,0.0,0.0,0.0,2748,subjects_resampled_within_outer_fold,results/phase4/versionB_statistical_tests.csv
phase4,phase4_vs_sbert,bge_base_en_v15 vs sbert_original,50,B2_tuned,bge_base_en_v15,BGE-base-en-v1.5,per_subject_item_r,0.0275699177826838,0.0229669981955876,0.0321785817551401,0.0,0.0,0.0,2748,subjects_resampled_within_outer_fold,results/phase4/versionB_statistical_tests.csv
phase4,phase4_vs_sbert,e5_base_v2 vs sbert_original,50,B2_tuned,e5_base_v2,E5-base-v2,per_subject_item_r,0.0276622487477606,0.0228928173555025,0.0324319154229382,0.0,0.0,0.0,2748,subjects_resampled_within_outer_fold,results/phase4/versionB_statistical_tests.csv
phase4,phase4_vs_sbert,minilm_l6_v2 vs sbert_original,50,B2_tuned,minilm_l6_v2,MiniLM-L6-v2,per_subject_item_r,0.0270474905072746,0.0221481628923059,0.031731480483035,0.0,0.0,0.0,2748,subjects_resampled_within_outer_fold,results/phase4/versionB_statistical_tests.csv
phase4,phase4_vs_sbert,mpnet_base_v2 vs sbert_original,50,B2_tuned,mpnet_base_v2,MPNet-base-v2,per_subject_item_r,0.0496501310784825,0.045273951643807,0.054057220919648,0.0,0.0,0.0,2748,subjects_resampled_within_outer_fold,results/phase4/versionB_statistical_tests.csv
phase4,phase4_vs_sbert,bge_base_en_v15 vs sbert_original,90,B2_tuned,bge_base_en_v15,BGE-base-en-v1.5,per_subject_item_r,-0.0167972256294052,-0.0273170000055844,-0.0060118588094348,0.0018,0.0036,0.00192,2748,subjects_resampled_within_outer_fold,results/phase4/versionB_statistical_tests.csv
phase4,phase4_vs_sbert,e5_base_v2 vs sbert_original,90,B2_tuned,e5_base_v2,E5-base-v2,per_subject_item_r,-0.074339145716283,-0.0867446700120405,-0.0620357271289698,0.0,0.0,0.0,2748,subjects_resampled_within_outer_fold,results/phase4/versionB_statistical_tests.csv
phase4,phase4_vs_sbert,minilm_l6_v2 vs sbert_original,90,B2_tuned,minilm_l6_v2,MiniLM-L6-v2,per_subject_item_r,-0.0834363380167966,-0.0956204776445264,-0.0708281276115695,0.0,0.0,0.0,2748,subjects_resampled_within_outer_fold,results/phase4/versionB_statistical_tests.csv
phase4,phase4_vs_sbert,mpnet_base_v2 vs sbert_original,90,B2_tuned,mpnet_base_v2,MPNet-base-v2,per_subject_item_r,-0.0160667914360235,-0.027569140271425,-0.0046327872991965,0.0052,0.0052,0.0052,2748,subjects_resampled_within_outer_fold,results/phase4/versionB_statistical_tests.csv
phase4,phase4_selection_contribution,B1_minus_A1,10,A1_fixed->B1_fixed,bge_base_en_v15,BGE-base-en-v1.5,per_subject_item_r,0.0300785454856425,0.0252452137876158,0.0348761356362513,0.0,0.0,0.0,2748,subjects_resampled_within_outer_fold,results/phase4/versionB_selection_contribution.csv
phase4,phase4_selection_contribution,B1_minus_A1,10,A1_fixed->B1_fixed,e5_base_v2,E5-base-v2,per_subject_item_r,0.0173236522744792,0.011690308400249,0.0228881674766639,0.0,0.0,0.0,2747,subjects_resampled_within_outer_fold,results/phase4/versionB_selection_contribution.csv
phase4,phase4_selection_contribution,B1_minus_A1,10,A1_fixed->B1_fixed,minilm_l6_v2,MiniLM-L6-v2,per_subject_item_r,0.0316085271152414,0.0261679827979018,0.0371307989923367,0.0,0.0,0.0,2748,subjects_resampled_within_outer_fold,results/phase4/versionB_selection_contribution.csv
phase4,phase4_selection_contribution,B1_minus_A1,10,A1_fixed->B1_fixed,mpnet_base_v2,MPNet-base-v2,per_subject_item_r,0.0621941932135398,0.0570998280623902,0.0672686570465272,0.0,0.0,0.0,2748,subjects_resampled_within_outer_fold,results/phase4/versionB_selection_contribution.csv
phase4,phase4_selection_contribution,B1_minus_A1,10,A1_fixed->B1_fixed,sbert_original,SBERT (original),per_subject_item_r,2.5056176549464448e-17,2.385317819106822e-17,2.627451323199026e-17,0.0,0.0,0.0,2748,subjects_resampled_within_outer_fold,results/phase4/versionB_selection_contribution.csv
phase4,phase4_selection_contribution,B1_minus_A1,30,A1_fixed->B1_fixed,bge_base_en_v15,BGE-base-en-v1.5,per_subject_item_r,0.0131748480457729,0.0099203100539382,0.0164454690790823,0.0,0.0,0.0,2748,subjects_resampled_within_outer_fold,results/phase4/versionB_selection_contribution.csv
phase4,phase4_selection_contribution,B1_minus_A1,30,A1_fixed->B1_fixed,e5_base_v2,E5-base-v2,per_subject_item_r,0.0052166446458036,0.0014036110272756,0.0089996210116467,0.0076,0.0152,0.008,2748,subjects_resampled_within_outer_fold,results/phase4/versionB_selection_contribution.csv
phase4,phase4_selection_contribution,B1_minus_A1,30,A1_fixed->B1_fixed,minilm_l6_v2,MiniLM-L6-v2,per_subject_item_r,0.0025092861525084,-0.0008725333550669,0.0058708914174095,0.1408,0.1408,0.1408,2748,subjects_resampled_within_outer_fold,results/phase4/versionB_selection_contribution.csv
phase4,phase4_selection_contribution,B1_minus_A1,30,A1_fixed->B1_fixed,mpnet_base_v2,MPNet-base-v2,per_subject_item_r,-0.0116319239991507,-0.0143264731302372,-0.0089161900032488,0.0,0.0,0.0,2748,subjects_resampled_within_outer_fold,results/phase4/versionB_selection_contribution.csv
phase4,phase4_selection_contribution,B1_minus_A1,30,A1_fixed->B1_fixed,sbert_original,SBERT (original),per_subject_item_r,-0.0031276190109817,-0.0036586021336561,-0.0025977865334891,0.0,0.0,0.0,2748,subjects_resampled_within_outer_fold,results/phase4/versionB_selection_contribution.csv
phase4,phase4_selection_contribution,B1_minus_A1,50,A1_fixed->B1_fixed,bge_base_en_v15,BGE-base-en-v1.5,per_subject_item_r,-0.0108780182672972,-0.0143056708055127,-0.0073492899237558,0.0,0.0,0.0,2748,subjects_resampled_within_outer_fold,results/phase4/versionB_selection_contribution.csv
phase4,phase4_selection_contribution,B1_minus_A1,50,A1_fixed->B1_fixed,e5_base_v2,E5-base-v2,per_subject_item_r,0.0106156468446578,0.0065854182260409,0.0147123348989012,0.0,0.0,0.0,2748,subjects_resampled_within_outer_fold,results/phase4/versionB_selection_contribution.csv
phase4,phase4_selection_contribution,B1_minus_A1,50,A1_fixed->B1_fixed,minilm_l6_v2,MiniLM-L6-v2,per_subject_item_r,0.0059090543621182,0.0023324847701609,0.0093970717230725,0.001,0.003,0.0011111111111111,2748,subjects_resampled_within_outer_fold,results/phase4/versionB_selection_contribution.csv
phase4,phase4_selection_contribution,B1_minus_A1,50,A1_fixed->B1_fixed,mpnet_base_v2,MPNet-base-v2,per_subject_item_r,-0.0075581601373084,-0.010887189673337,-0.0042704250351557,0.0,0.0,0.0,2748,subjects_resampled_within_outer_fold,results/phase4/versionB_selection_contribution.csv
phase4,phase4_selection_contribution,B1_minus_A1,50,A1_fixed->B1_fixed,sbert_original,SBERT (original),per_subject_item_r,0.0029931528337913,0.0022511084462665,0.0037399012831882,0.0,0.0,0.0,2748,subjects_resampled_within_outer_fold,results/phase4/versionB_selection_contribution.csv
phase4,phase4_selection_contribution,B1_minus_A1,90,A1_fixed->B1_fixed,bge_base_en_v15,BGE-base-en-v1.5,per_subject_item_r,-0.0425909615764902,-0.0527443474807537,-0.0323076035320373,0.0,0.0,0.0,2748,subjects_resampled_within_outer_fold,results/phase4/versionB_selection_contribution.csv
phase4,phase4_selection_contribution,B1_minus_A1,90,A1_fixed->B1_fixed,e5_base_v2,E5-base-v2,per_subject_item_r,-0.1414554794572259,-0.1544132724723309,-0.1282853949832222,0.0,0.0,0.0,2748,subjects_resampled_within_outer_fold,results/phase4/versionB_selection_contribution.csv
phase4,phase4_selection_contribution,B1_minus_A1,90,A1_fixed->B1_fixed,minilm_l6_v2,MiniLM-L6-v2,per_subject_item_r,-0.141827311985134,-0.1550378366977106,-0.1286886262881698,0.0,0.0,0.0,2748,subjects_resampled_within_outer_fold,results/phase4/versionB_selection_contribution.csv
phase4,phase4_selection_contribution,B1_minus_A1,90,A1_fixed->B1_fixed,mpnet_base_v2,MPNet-base-v2,per_subject_item_r,-0.0315457049384117,-0.0424255737540025,-0.0203424466862728,0.0,0.0,0.0,2748,subjects_resampled_within_outer_fold,results/phase4/versionB_selection_contribution.csv
phase4,phase4_selection_contribution,B1_minus_A1,90,A1_fixed->B1_fixed,sbert_original,SBERT (original),per_subject_item_r,4.990367968953021e-18,3.7150889725465816e-18,6.2427043320515896e-18,0.0,0.0,0.0,2748,subjects_resampled_within_outer_fold,results/phase4/versionB_selection_contribution.csv
phase4,phase4_selection_contribution,B2_minus_A2,10,A2_tuned->B2_tuned,bge_base_en_v15,BGE-base-en-v1.5,per_subject_item_r,0.0279605723453223,0.0228196584391927,0.0330565628718907,0.0,0.0,0.0,2748,subjects_resampled_within_outer_fold,results/phase4/versionB_selection_contribution.csv
phase4,phase4_selection_contribution,B2_minus_A2,10,A2_tuned->B2_tuned,e5_base_v2,E5-base-v2,per_subject_item_r,0.0075735042339397,0.0023818959097542,0.012809375324936,0.0058,0.0289999999999999,0.0072499999999999,2747,subjects_resampled_within_outer_fold,results/phase4/versionB_selection_contribution.csv
phase4,phase4_selection_contribution,B2_minus_A2,10,A2_tuned->B2_tuned,minilm_l6_v2,MiniLM-L6-v2,per_subject_item_r,0.0272425859760273,0.0216338078025677,0.0328506030547585,0.0,0.0,0.0,2748,subjects_resampled_within_outer_fold,results/phase4/versionB_selection_contribution.csv
phase4,phase4_selection_contribution,B2_minus_A2,10,A2_tuned->B2_tuned,mpnet_base_v2,MPNet-base-v2,per_subject_item_r,0.0587340333270526,0.0537756029156094,0.0638866546825176,0.0,0.0,0.0,2748,subjects_resampled_within_outer_fold,results/phase4/versionB_selection_contribution.csv
phase4,phase4_selection_contribution,B2_minus_A2,10,A2_tuned->B2_tuned,sbert_original,SBERT (original),per_subject_item_r,2.5448045800835238e-17,2.4180393799787908e-17,2.670587147992764e-17,0.0,0.0,0.0,2748,subjects_resampled_within_outer_fold,results/phase4/versionB_selection_contribution.csv
phase4,phase4_selection_contribution,B2_minus_A2,30,A2_tuned->B2_tuned,bge_base_en_v15,BGE-base-en-v1.5,per_subject_item_r,0.0067356552618033,0.0035665238483629,0.0099037458574635,0.0002,0.0012,0.0002666666666666,2748,subjects_resampled_within_outer_fold,results/phase4/versionB_selection_contribution.csv
phase4,phase4_selection_contribution,B2_minus_A2,30,A2_tuned->B2_tuned,e5_base_v2,E5-base-v2,per_subject_item_r,-0.0237122777310351,-0.0270919526947841,-0.0203283858456774,0.0,0.0,0.0,2748,subjects_resampled_within_outer_fold,results/phase4/versionB_selection_contribution.csv
phase4,phase4_selection_contribution,B2_minus_A2,30,A2_tuned->B2_tuned,minilm_l6_v2,MiniLM-L6-v2,per_subject_item_r,0.0002616490914798,-0.0030062484280887,0.0035427797499345,0.8828,0.8828,0.8827999999999999,2748,subjects_resampled_within_outer_fold,results/phase4/versionB_selection_contribution.csv
phase4,phase4_selection_contribution,B2_minus_A2,30,A2_tuned->B2_tuned,mpnet_base_v2,MPNet-base-v2,per_subject_item_r,-0.0117655354722954,-0.0148325680856548,-0.0086773337072981,0.0,0.0,0.0,2748,subjects_resampled_within_outer_fold,results/phase4/versionB_selection_contribution.csv
phase4,phase4_selection_contribution,B2_minus_A2,30,A2_tuned->B2_tuned,sbert_original,SBERT (original),per_subject_item_r,0.0004711658854972,-0.0003237581845531,0.0012851137459849,0.2608,0.7824,0.2897777777777777,2748,subjects_resampled_within_outer_fold,results/phase4/versionB_selection_contribution.csv
phase4,phase4_selection_contribution,B2_minus_A2,50,A2_tuned->B2_tuned,bge_base_en_v15,BGE-base-en-v1.5,per_subject_item_r,-0.0214870297527542,-0.024954511288705,-0.0179311656031021,0.0,0.0,0.0,2748,subjects_resampled_within_outer_fold,results/phase4/versionB_selection_contribution.csv
phase4,phase4_selection_contribution,B2_minus_A2,50,A2_tuned->B2_tuned,e5_base_v2,E5-base-v2,per_subject_item_r,-0.0103258839279436,-0.0142360337897151,-0.0064154361020201,0.0,0.0,0.0,2748,subjects_resampled_within_outer_fold,results/phase4/versionB_selection_contribution.csv
phase4,phase4_selection_contribution,B2_minus_A2,50,A2_tuned->B2_tuned,minilm_l6_v2,MiniLM-L6-v2,per_subject_item_r,0.0131971665887554,0.009201591132532,0.0171678806709486,0.0,0.0,0.0,2748,subjects_resampled_within_outer_fold,results/phase4/versionB_selection_contribution.csv
phase4,phase4_selection_contribution,B2_minus_A2,50,A2_tuned->B2_tuned,mpnet_base_v2,MPNet-base-v2,per_subject_item_r,-0.0018082673013052,-0.0053886181876946,0.001823020073553,0.3264,0.7824,0.3435789473684211,2748,subjects_resampled_within_outer_fold,results/phase4/versionB_selection_contribution.csv
phase4,phase4_selection_contribution,B2_minus_A2,50,A2_tuned->B2_tuned,sbert_original,SBERT (original),per_subject_item_r,0.0064956815250104,0.0050062701666583,0.0079775598743075,0.0,0.0,0.0,2748,subjects_resampled_within_outer_fold,results/phase4/versionB_selection_contribution.csv
phase4,phase4_selection_contribution,B2_minus_A2,90,A2_tuned->B2_tuned,bge_base_en_v15,BGE-base-en-v1.5,per_subject_item_r,-0.0201917999618899,-0.0305508446521256,-0.0097325041209551,0.0,0.0,0.0,2748,subjects_resampled_within_outer_fold,results/phase4/versionB_selection_contribution.csv
phase4,phase4_selection_contribution,B2_minus_A2,90,A2_tuned->B2_tuned,e5_base_v2,E5-base-v2,per_subject_item_r,-0.0676234079307172,-0.0796103570000632,-0.0556902819149537,0.0,0.0,0.0,2748,subjects_resampled_within_outer_fold,results/phase4/versionB_selection_contribution.csv
phase4,phase4_selection_contribution,B2_minus_A2,90,A2_tuned->B2_tuned,minilm_l6_v2,MiniLM-L6-v2,per_subject_item_r,-0.0436397062612864,-0.0554178834335962,-0.0320319332370283,0.0,0.0,0.0,2748,subjects_resampled_within_outer_fold,results/phase4/versionB_selection_contribution.csv
phase4,phase4_selection_contribution,B2_minus_A2,90,A2_tuned->B2_tuned,mpnet_base_v2,MPNet-base-v2,per_subject_item_r,-0.0120199349791038,-0.0230079265830326,-0.0010014276778841,0.0342,0.1368,0.040235294117647,2748,subjects_resampled_within_outer_fold,results/phase4/versionB_selection_contribution.csv
phase4,phase4_selection_contribution,B2_minus_A2,90,A2_tuned->B2_tuned,sbert_original,SBERT (original),per_subject_item_r,4.428184680898219e-18,3.1564960191968814e-18,5.6706929959194164e-18,0.0,0.0,0.0,2748,subjects_resampled_within_outer_fold,results/phase4/versionB_selection_contribution.csv
