embedding_key,embedding_label,ratio,fold,version_scope,s_new_hash,s_old_fold_hash,s_new_size,s_old_size,intersection_n,union_n,jaccard_overlap,selection_changed,items_only_in_s_new,items_only_in_s_old,s_new_coverage,s_new_redundancy,s_old_coverage,s_old_redundancy
sbert_original,SBERT (original),10,0,B1_and_B2_shared_selection,92745849571d4031,92745849571d4031,10,10,10,10,1.0,False,,,0.8111274868951677,0.6411336137882714,0.8111275356842519,0.6411336607517674
sbert_original,SBERT (original),10,1,B1_and_B2_shared_selection,92745849571d4031,92745849571d4031,10,10,10,10,1.0,False,,,0.8111274868951677,0.6411336137882714,0.8111275356842519,0.6411336607517674
sbert_original,SBERT (original),10,2,B1_and_B2_shared_selection,92745849571d4031,92745849571d4031,10,10,10,10,1.0,False,,,0.8111274868951677,0.6411336137882714,0.8111275356842519,0.6411336607517674
sbert_original,SBERT (original),10,3,B1_and_B2_shared_selection,92745849571d4031,92745849571d4031,10,10,10,10,1.0,False,,,0.8111274868951677,0.6411336137882714,0.8111275356842519,0.6411336607517674
sbert_original,SBERT (original),10,4,B1_and_B2_shared_selection,92745849571d4031,92745849571d4031,10,10,10,10,1.0,False,,,0.8111274868951677,0.6411336137882714,0.8111275356842519,0.6411336607517674
sbert_original,SBERT (original),30,0,B1_and_B2_shared_selection,1ce15da48f8052fb,62099f7a34f67aa9,30,30,29,31,0.9354838709677419,True,8,31,0.8829888774252218,0.6177224169867237,0.8829888945012074,0.6164002583578039
sbert_original,SBERT (original),30,1,B1_and_B2_shared_selection,1ce15da48f8052fb,62099f7a34f67aa9,30,30,29,31,0.9354838709677419,True,8,31,0.8829888774252218,0.6177224169867237,0.8829888945012074,0.6164002583578039
sbert_original,SBERT (original),30,2,B1_and_B2_shared_selection,1ce15da48f8052fb,62099f7a34f67aa9,30,30,29,31,0.9354838709677419,True,8,31,0.8829888774252218,0.6177224169867237,0.8829888945012074,0.6164002583578039
sbert_original,SBERT (original),30,3,B1_and_B2_shared_selection,1ce15da48f8052fb,62099f7a34f67aa9,30,30,29,31,0.9354838709677419,True,8,31,0.8829888774252218,0.6177224169867237,0.8829888945012074,0.6164002583578039
sbert_original,SBERT (original),30,4,B1_and_B2_shared_selection,1ce15da48f8052fb,62099f7a34f67aa9,30,30,29,31,0.9354838709677419,True,8,31,0.8829888774252218,0.6177224169867237,0.8829888945012074,0.6164002583578039
sbert_original,SBERT (original),50,0,B1_and_B2_shared_selection,6e6167ebfe199350,d172a87b5a6e4875,50,50,48,52,0.9230769230769231,True,"44,52","72,84",0.9300378527369638,0.6262648127738439,0.930037828572538,0.6265620656816998
sbert_original,SBERT (original),50,1,B1_and_B2_shared_selection,6e6167ebfe199350,d172a87b5a6e4875,50,50,48,52,0.9230769230769231,True,"44,52","72,84",0.9300378527369638,0.6262648127738439,0.930037828572538,0.6265620656816998
sbert_original,SBERT (original),50,2,B1_and_B2_shared_selection,6e6167ebfe199350,d172a87b5a6e4875,50,50,48,52,0.9230769230769231,True,"44,52","72,84",0.9300378527369638,0.6262648127738439,0.930037828572538,0.6265620656816998
sbert_original,SBERT (original),50,3,B1_and_B2_shared_selection,6e6167ebfe199350,d172a87b5a6e4875,50,50,48,52,0.9230769230769231,True,"44,52","72,84",0.9300378527369638,0.6262648127738439,0.930037828572538,0.6265620656816998
sbert_original,SBERT (original),50,4,B1_and_B2_shared_selection,6e6167ebfe199350,d172a87b5a6e4875,50,50,48,52,0.9230769230769231,True,"44,52","72,84",0.9300378527369638,0.6262648127738439,0.930037828572538,0.6265620656816998
sbert_original,SBERT (original),90,0,B1_and_B2_shared_selection,e4aca0f6b9e84075,e4aca0f6b9e84075,90,90,90,90,1.0,False,,,0.9945458615517709,0.6283191148966659,0.9945457838532562,0.628319119336572
sbert_original,SBERT (original),90,1,B1_and_B2_shared_selection,e4aca0f6b9e84075,e4aca0f6b9e84075,90,90,90,90,1.0,False,,,0.9945458615517709,0.6283191148966659,0.9945457838532562,0.628319119336572
sbert_original,SBERT (original),90,2,B1_and_B2_shared_selection,e4aca0f6b9e84075,e4aca0f6b9e84075,90,90,90,90,1.0,False,,,0.9945458615517709,0.6283191148966659,0.9945457838532562,0.628319119336572
sbert_original,SBERT (original),90,3,B1_and_B2_shared_selection,e4aca0f6b9e84075,e4aca0f6b9e84075,90,90,90,90,1.0,False,,,0.9945458615517709,0.6283191148966659,0.9945457838532562,0.628319119336572
sbert_original,SBERT (original),90,4,B1_and_B2_shared_selection,e4aca0f6b9e84075,e4aca0f6b9e84075,90,90,90,90,1.0,False,,,0.9945458615517709,0.6283191148966659,0.9945457838532562,0.628319119336572
minilm_l6_v2,MiniLM-L6-v2,10,0,B1_and_B2_shared_selection,6a6a2a502b884a35,92745849571d4031,10,10,2,18,0.1111111111111111,True,"11,18,28,43,65,73,78,97","12,40,41,48,59,66,67,80",0.7503406568520229,0.5935861805430829,0.8111275356842519,0.6411336607517674
minilm_l6_v2,MiniLM-L6-v2,10,1,B1_and_B2_shared_selection,6a6a2a502b884a35,92745849571d4031,10,10,2,18,0.1111111111111111,True,"11,18,28,43,65,73,78,97","12,40,41,48,59,66,67,80",0.7503406568520229,0.5935861805430829,0.8111275356842519,0.6411336607517674
minilm_l6_v2,MiniLM-L6-v2,10,2,B1_and_B2_shared_selection,6a6a2a502b884a35,92745849571d4031,10,10,2,18,0.1111111111111111,True,"11,18,28,43,65,73,78,97","12,40,41,48,59,66,67,80",0.7503406568520229,0.5935861805430829,0.8111275356842519,0.6411336607517674
minilm_l6_v2,MiniLM-L6-v2,10,3,B1_and_B2_shared_selection,6a6a2a502b884a35,92745849571d4031,10,10,2,18,0.1111111111111111,True,"11,18,28,43,65,73,78,97","12,40,41,48,59,66,67,80",0.7503406568520229,0.5935861805430829,0.8111275356842519,0.6411336607517674
minilm_l6_v2,MiniLM-L6-v2,10,4,B1_and_B2_shared_selection,6a6a2a502b884a35,92745849571d4031,10,10,2,18,0.1111111111111111,True,"11,18,28,43,65,73,78,97","12,40,41,48,59,66,67,80",0.7503406568520229,0.5935861805430829,0.8111275356842519,0.6411336607517674
minilm_l6_v2,MiniLM-L6-v2,30,0,B1_and_B2_shared_selection,bad524b73607dd87,62099f7a34f67aa9,30,30,10,50,0.2,True,"2,5,10,11,16,18,27,38,44,56,57,60,62,65,68,70,78,79,91,97","4,7,20,25,29,31,35,36,41,42,45,47,48,49,50,66,77,80,83,86",0.8364934175915859,0.6002675741078065,0.8829888945012074,0.6164002583578039
minilm_l6_v2,MiniLM-L6-v2,30,1,B1_and_B2_shared_selection,bad524b73607dd87,62099f7a34f67aa9,30,30,10,50,0.2,True,"2,5,10,11,16,18,27,38,44,56,57,60,62,65,68,70,78,79,91,97","4,7,20,25,29,31,35,36,41,42,45,47,48,49,50,66,77,80,83,86",0.8364934175915859,0.6002675741078065,0.8829888945012074,0.6164002583578039
minilm_l6_v2,MiniLM-L6-v2,30,2,B1_and_B2_shared_selection,bad524b73607dd87,62099f7a34f67aa9,30,30,10,50,0.2,True,"2,5,10,11,16,18,27,38,44,56,57,60,62,65,68,70,78,79,91,97","4,7,20,25,29,31,35,36,41,42,45,47,48,49,50,66,77,80,83,86",0.8364934175915859,0.6002675741078065,0.8829888945012074,0.6164002583578039
minilm_l6_v2,MiniLM-L6-v2,30,3,B1_and_B2_shared_selection,bad524b73607dd87,62099f7a34f67aa9,30,30,10,50,0.2,True,"2,5,10,11,16,18,27,38,44,56,57,60,62,65,68,70,78,79,91,97","4,7,20,25,29,31,35,36,41,42,45,47,48,49,50,66,77,80,83,86",0.8364934175915859,0.6002675741078065,0.8829888945012074,0.6164002583578039
minilm_l6_v2,MiniLM-L6-v2,30,4,B1_and_B2_shared_selection,bad524b73607dd87,62099f7a34f67aa9,30,30,10,50,0.2,True,"2,5,10,11,16,18,27,38,44,56,57,60,62,65,68,70,78,79,91,97","4,7,20,25,29,31,35,36,41,42,45,47,48,49,50,66,77,80,83,86",0.8364934175915859,0.6002675741078065,0.8829888945012074,0.6164002583578039
minilm_l6_v2,MiniLM-L6-v2,50,0,B1_and_B2_shared_selection,61a3f94b6fb57ce0,d172a87b5a6e4875,50,50,25,75,0.3333333333333333,True,"1,2,6,10,11,14,15,16,18,19,38,44,52,56,57,60,65,68,70,74,78,81,89,91,97","4,8,9,13,21,25,29,31,35,36,41,42,45,47,48,49,50,58,69,72,80,84,86,90,96",0.8968412566750569,0.5915875000439267,0.930037828572538,0.6265620656816998
minilm_l6_v2,MiniLM-L6-v2,50,1,B1_and_B2_shared_selection,61a3f94b6fb57ce0,d172a87b5a6e4875,50,50,25,75,0.3333333333333333,True,"1,2,6,10,11,14,15,16,18,19,38,44,52,56,57,60,65,68,70,74,78,81,89,91,97","4,8,9,13,21,25,29,31,35,36,41,42,45,47,48,49,50,58,69,72,80,84,86,90,96",0.8968412566750569,0.5915875000439267,0.930037828572538,0.6265620656816998
minilm_l6_v2,MiniLM-L6-v2,50,2,B1_and_B2_shared_selection,61a3f94b6fb57ce0,d172a87b5a6e4875,50,50,25,75,0.3333333333333333,True,"1,2,6,10,11,14,15,16,18,19,38,44,52,56,57,60,65,68,70,74,78,81,89,91,97","4,8,9,13,21,25,29,31,35,36,41,42,45,47,48,49,50,58,69,72,80,84,86,90,96",0.8968412566750569,0.5915875000439267,0.930037828572538,0.6265620656816998
minilm_l6_v2,MiniLM-L6-v2,50,3,B1_and_B2_shared_selection,61a3f94b6fb57ce0,d172a87b5a6e4875,50,50,25,75,0.3333333333333333,True,"1,2,6,10,11,14,15,16,18,19,38,44,52,56,57,60,65,68,70,74,78,81,89,91,97","4,8,9,13,21,25,29,31,35,36,41,42,45,47,48,49,50,58,69,72,80,84,86,90,96",0.8968412566750569,0.5915875000439267,0.930037828572538,0.6265620656816998
minilm_l6_v2,MiniLM-L6-v2,50,4,B1_and_B2_shared_selection,61a3f94b6fb57ce0,d172a87b5a6e4875,50,50,25,75,0.3333333333333333,True,"1,2,6,10,11,14,15,16,18,19,38,44,52,56,57,60,65,68,70,74,78,81,89,91,97","4,8,9,13,21,25,29,31,35,36,41,42,45,47,48,49,50,58,69,72,80,84,86,90,96",0.8968412566750569,0.5915875000439267,0.930037828572538,0.6265620656816998
minilm_l6_v2,MiniLM-L6-v2,90,0,B1_and_B2_shared_selection,4554bd3645a8b3db,e4aca0f6b9e84075,90,90,83,97,0.8556701030927835,True,"24,46,54,60,64,76,99","31,36,50,58,63,80,82",0.9877861496887302,0.5982106601820508,0.9945457838532562,0.628319119336572
minilm_l6_v2,MiniLM-L6-v2,90,1,B1_and_B2_shared_selection,4554bd3645a8b3db,e4aca0f6b9e84075,90,90,83,97,0.8556701030927835,True,"24,46,54,60,64,76,99","31,36,50,58,63,80,82",0.9877861496887302,0.5982106601820508,0.9945457838532562,0.628319119336572
minilm_l6_v2,MiniLM-L6-v2,90,2,B1_and_B2_shared_selection,4554bd3645a8b3db,e4aca0f6b9e84075,90,90,83,97,0.8556701030927835,True,"24,46,54,60,64,76,99","31,36,50,58,63,80,82",0.9877861496887302,0.5982106601820508,0.9945457838532562,0.628319119336572
minilm_l6_v2,MiniLM-L6-v2,90,3,B1_and_B2_shared_selection,4554bd3645a8b3db,e4aca0f6b9e84075,90,90,83,97,0.8556701030927835,True,"24,46,54,60,64,76,99","31,36,50,58,63,80,82",0.9877861496887302,0.5982106601820508,0.9945457838532562,0.628319119336572
minilm_l6_v2,MiniLM-L6-v2,90,4,B1_and_B2_shared_selection,4554bd3645a8b3db,e4aca0f6b9e84075,90,90,83,97,0.8556701030927835,True,"24,46,54,60,64,76,99","31,36,50,58,63,80,82",0.9877861496887302,0.5982106601820508,0.9945457838532562,0.628319119336572
mpnet_base_v2,MPNet-base-v2,10,0,B1_and_B2_shared_selection,fbaa37d42ee998f8,92745849571d4031,10,10,3,17,0.17647058823529413,True,"11,30,43,65,72,73,82","12,40,41,48,59,67,80",0.7617458986076234,0.6063249020843201,0.8111275356842519,0.6411336607517674
mpnet_base_v2,MPNet-base-v2,10,1,B1_and_B2_shared_selection,fbaa37d42ee998f8,92745849571d4031,10,10,3,17,0.17647058823529413,True,"11,30,43,65,72,73,82","12,40,41,48,59,67,80",0.7617458986076234,0.6063249020843201,0.8111275356842519,0.6411336607517674
mpnet_base_v2,MPNet-base-v2,10,2,B1_and_B2_shared_selection,fbaa37d42ee998f8,92745849571d4031,10,10,3,17,0.17647058823529413,True,"11,30,43,65,72,73,82","12,40,41,48,59,67,80",0.7617458986076234,0.6063249020843201,0.8111275356842519,0.6411336607517674
mpnet_base_v2,MPNet-base-v2,10,3,B1_and_B2_shared_selection,fbaa37d42ee998f8,92745849571d4031,10,10,3,17,0.17647058823529413,True,"11,30,43,65,72,73,82","12,40,41,48,59,67,80",0.7617458986076234,0.6063249020843201,0.8111275356842519,0.6411336607517674
mpnet_base_v2,MPNet-base-v2,10,4,B1_and_B2_shared_selection,fbaa37d42ee998f8,92745849571d4031,10,10,3,17,0.17647058823529413,True,"11,30,43,65,72,73,82","12,40,41,48,59,67,80",0.7617458986076234,0.6063249020843201,0.8111275356842519,0.6411336607517674
mpnet_base_v2,MPNet-base-v2,30,0,B1_and_B2_shared_selection,e516e4a7976f9b63,62099f7a34f67aa9,30,30,14,46,0.30434782608695654,True,"5,11,15,17,30,44,64,65,70,71,72,74,82,85,89,92","4,7,20,25,28,29,35,36,40,41,45,48,50,59,80,86",0.8436199980752908,0.5960513219837992,0.8829888945012074,0.6164002583578039
mpnet_base_v2,MPNet-base-v2,30,1,B1_and_B2_shared_selection,e516e4a7976f9b63,62099f7a34f67aa9,30,30,14,46,0.30434782608695654,True,"5,11,15,17,30,44,64,65,70,71,72,74,82,85,89,92","4,7,20,25,28,29,35,36,40,41,45,48,50,59,80,86",0.8436199980752908,0.5960513219837992,0.8829888945012074,0.6164002583578039
mpnet_base_v2,MPNet-base-v2,30,2,B1_and_B2_shared_selection,e516e4a7976f9b63,62099f7a34f67aa9,30,30,14,46,0.30434782608695654,True,"5,11,15,17,30,44,64,65,70,71,72,74,82,85,89,92","4,7,20,25,28,29,35,36,40,41,45,48,50,59,80,86",0.8436199980752908,0.5960513219837992,0.8829888945012074,0.6164002583578039
mpnet_base_v2,MPNet-base-v2,30,3,B1_and_B2_shared_selection,e516e4a7976f9b63,62099f7a34f67aa9,30,30,14,46,0.30434782608695654,True,"5,11,15,17,30,44,64,65,70,71,72,74,82,85,89,92","4,7,20,25,28,29,35,36,40,41,45,48,50,59,80,86",0.8436199980752908,0.5960513219837992,0.8829888945012074,0.6164002583578039
mpnet_base_v2,MPNet-base-v2,30,4,B1_and_B2_shared_selection,e516e4a7976f9b63,62099f7a34f67aa9,30,30,14,46,0.30434782608695654,True,"5,11,15,17,30,44,64,65,70,71,72,74,82,85,89,92","4,7,20,25,28,29,35,36,40,41,45,48,50,59,80,86",0.8436199980752908,0.5960513219837992,0.8829888945012074,0.6164002583578039
mpnet_base_v2,MPNet-base-v2,50,0,B1_and_B2_shared_selection,45bb1bb1246fbfc6,d172a87b5a6e4875,50,50,29,71,0.4084507042253521,True,"11,14,15,17,19,30,32,38,44,55,60,61,64,65,70,74,82,85,89,92,97","0,9,13,21,28,35,36,40,41,45,48,50,59,62,80,84,86,90,93,96,98",0.9029412441915747,0.5916511048942492,0.930037828572538,0.6265620656816998
mpnet_base_v2,MPNet-base-v2,50,1,B1_and_B2_shared_selection,45bb1bb1246fbfc6,d172a87b5a6e4875,50,50,29,71,0.4084507042253521,True,"11,14,15,17,19,30,32,38,44,55,60,61,64,65,70,74,82,85,89,92,97","0,9,13,21,28,35,36,40,41,45,48,50,59,62,80,84,86,90,93,96,98",0.9029412441915747,0.5916511048942492,0.930037828572538,0.6265620656816998
mpnet_base_v2,MPNet-base-v2,50,2,B1_and_B2_shared_selection,45bb1bb1246fbfc6,d172a87b5a6e4875,50,50,29,71,0.4084507042253521,True,"11,14,15,17,19,30,32,38,44,55,60,61,64,65,70,74,82,85,89,92,97","0,9,13,21,28,35,36,40,41,45,48,50,59,62,80,84,86,90,93,96,98",0.9029412441915747,0.5916511048942492,0.930037828572538,0.6265620656816998
mpnet_base_v2,MPNet-base-v2,50,3,B1_and_B2_shared_selection,45bb1bb1246fbfc6,d172a87b5a6e4875,50,50,29,71,0.4084507042253521,True,"11,14,15,17,19,30,32,38,44,55,60,61,64,65,70,74,82,85,89,92,97","0,9,13,21,28,35,36,40,41,45,48,50,59,62,80,84,86,90,93,96,98",0.9029412441915747,0.5916511048942492,0.930037828572538,0.6265620656816998
mpnet_base_v2,MPNet-base-v2,50,4,B1_and_B2_shared_selection,45bb1bb1246fbfc6,d172a87b5a6e4875,50,50,29,71,0.4084507042253521,True,"11,14,15,17,19,30,32,38,44,55,60,61,64,65,70,74,82,85,89,92,97","0,9,13,21,28,35,36,40,41,45,48,50,59,62,80,84,86,90,93,96,98",0.9029412441915747,0.5916511048942492,0.930037828572538,0.6265620656816998
mpnet_base_v2,MPNet-base-v2,90,0,B1_and_B2_shared_selection,e89eefa9a454e390,e4aca0f6b9e84075,90,90,84,96,0.875,True,"24,37,46,60,64,99","35,36,48,50,80,95",0.9885860509311314,0.5988157803735272,0.9945457838532562,0.628319119336572
mpnet_base_v2,MPNet-base-v2,90,1,B1_and_B2_shared_selection,e89eefa9a454e390,e4aca0f6b9e84075,90,90,84,96,0.875,True,"24,37,46,60,64,99","35,36,48,50,80,95",0.9885860509311314,0.5988157803735272,0.9945457838532562,0.628319119336572
mpnet_base_v2,MPNet-base-v2,90,2,B1_and_B2_shared_selection,e89eefa9a454e390,e4aca0f6b9e84075,90,90,84,96,0.875,True,"24,37,46,60,64,99","35,36,48,50,80,95",0.9885860509311314,0.5988157803735272,0.9945457838532562,0.628319119336572
mpnet_base_v2,MPNet-base-v2,90,3,B1_and_B2_shared_selection,e89eefa9a454e390,e4aca0f6b9e84075,90,90,84,96,0.875,True,"24,37,46,60,64,99","35,36,48,50,80,95",0.9885860509311314,0.5988157803735272,0.9945457838532562,0.628319119336572
mpnet_base_v2,MPNet-base-v2,90,4,B1_and_B2_shared_selection,e89eefa9a454e390,e4aca0f6b9e84075,90,90,84,96,0.875,True,"24,37,46,60,64,99","35,36,48,50,80,95",0.9885860509311314,0.5988157803735272,0.9945457838532562,0.628319119336572
e5_base_v2,E5-base-v2,10,0,B1_and_B2_shared_selection,ddb8a8dc4781b07a,92745849571d4031,10,10,3,17,0.17647058823529413,True,"0,16,31,34,43,73,82","12,40,41,48,67,80,94",0.9313861276492562,0.8880157529072026,0.8111275356842519,0.6411336607517674
e5_base_v2,E5-base-v2,10,1,B1_and_B2_shared_selection,ddb8a8dc4781b07a,92745849571d4031,10,10,3,17,0.17647058823529413,True,"0,16,31,34,43,73,82","12,40,41,48,67,80,94",0.9313861276492562,0.8880157529072026,0.8111275356842519,0.6411336607517674
e5_base_v2,E5-base-v2,10,2,B1_and_B2_shared_selection,ddb8a8dc4781b07a,92745849571d4031,10,10,3,17,0.17647058823529413,True,"0,16,31,34,43,73,82","12,40,41,48,67,80,94",0.9313861276492562,0.8880157529072026,0.8111275356842519,0.6411336607517674
e5_base_v2,E5-base-v2,10,3,B1_and_B2_shared_selection,ddb8a8dc4781b07a,92745849571d4031,10,10,3,17,0.17647058823529413,True,"0,16,31,34,43,73,82","12,40,41,48,67,80,94",0.9313861276492562,0.8880157529072026,0.8111275356842519,0.6411336607517674
e5_base_v2,E5-base-v2,10,4,B1_and_B2_shared_selection,ddb8a8dc4781b07a,92745849571d4031,10,10,3,17,0.17647058823529413,True,"0,16,31,34,43,73,82","12,40,41,48,67,80,94",0.9313861276492562,0.8880157529072026,0.8111275356842519,0.6411336607517674
e5_base_v2,E5-base-v2,30,0,B1_and_B2_shared_selection,7ceffde4e4dcacff,62099f7a34f67aa9,30,30,11,49,0.22448979591836735,True,"0,5,13,16,17,18,19,34,37,38,60,70,72,74,79,82,92,96,98","4,7,12,20,25,28,35,40,41,45,47,48,49,50,67,77,80,86,94",0.9548893850322285,0.8809807451335154,0.8829888945012074,0.6164002583578039
e5_base_v2,E5-base-v2,30,1,B1_and_B2_shared_selection,7ceffde4e4dcacff,62099f7a34f67aa9,30,30,11,49,0.22448979591836735,True,"0,5,13,16,17,18,19,34,37,38,60,70,72,74,79,82,92,96,98","4,7,12,20,25,28,35,40,41,45,47,48,49,50,67,77,80,86,94",0.9548893850322285,0.8809807451335154,0.8829888945012074,0.6164002583578039
e5_base_v2,E5-base-v2,30,2,B1_and_B2_shared_selection,7ceffde4e4dcacff,62099f7a34f67aa9,30,30,11,49,0.22448979591836735,True,"0,5,13,16,17,18,19,34,37,38,60,70,72,74,79,82,92,96,98","4,7,12,20,25,28,35,40,41,45,47,48,49,50,67,77,80,86,94",0.9548893850322285,0.8809807451335154,0.8829888945012074,0.6164002583578039
e5_base_v2,E5-base-v2,30,3,B1_and_B2_shared_selection,7ceffde4e4dcacff,62099f7a34f67aa9,30,30,11,49,0.22448979591836735,True,"0,5,13,16,17,18,19,34,37,38,60,70,72,74,79,82,92,96,98","4,7,12,20,25,28,35,40,41,45,47,48,49,50,67,77,80,86,94",0.9548893850322285,0.8809807451335154,0.8829888945012074,0.6164002583578039
e5_base_v2,E5-base-v2,30,4,B1_and_B2_shared_selection,7ceffde4e4dcacff,62099f7a34f67aa9,30,30,11,49,0.22448979591836735,True,"0,5,13,16,17,18,19,34,37,38,60,70,72,74,79,82,92,96,98","4,7,12,20,25,28,35,40,41,45,47,48,49,50,67,77,80,86,94",0.9548893850322285,0.8809807451335154,0.8829888945012074,0.6164002583578039
e5_base_v2,E5-base-v2,50,0,B1_and_B2_shared_selection,5ae9976a061dca51,d172a87b5a6e4875,50,50,31,69,0.4492753623188406,True,"14,16,17,18,19,34,37,38,44,57,60,70,74,82,87,89,92,95,97","9,12,22,25,28,35,40,41,45,48,49,50,51,67,69,80,84,86,94",0.9715854519610145,0.8792839558638342,0.930037828572538,0.6265620656816998
e5_base_v2,E5-base-v2,50,1,B1_and_B2_shared_selection,5ae9976a061dca51,d172a87b5a6e4875,50,50,31,69,0.4492753623188406,True,"14,16,17,18,19,34,37,38,44,57,60,70,74,82,87,89,92,95,97","9,12,22,25,28,35,40,41,45,48,49,50,51,67,69,80,84,86,94",0.9715854519610145,0.8792839558638342,0.930037828572538,0.6265620656816998
e5_base_v2,E5-base-v2,50,2,B1_and_B2_shared_selection,5ae9976a061dca51,d172a87b5a6e4875,50,50,31,69,0.4492753623188406,True,"14,16,17,18,19,34,37,38,44,57,60,70,74,82,87,89,92,95,97","9,12,22,25,28,35,40,41,45,48,49,50,51,67,69,80,84,86,94",0.9715854519610145,0.8792839558638342,0.930037828572538,0.6265620656816998
e5_base_v2,E5-base-v2,50,3,B1_and_B2_shared_selection,5ae9976a061dca51,d172a87b5a6e4875,50,50,31,69,0.4492753623188406,True,"14,16,17,18,19,34,37,38,44,57,60,70,74,82,87,89,92,95,97","9,12,22,25,28,35,40,41,45,48,49,50,51,67,69,80,84,86,94",0.9715854519610145,0.8792839558638342,0.930037828572538,0.6265620656816998
e5_base_v2,E5-base-v2,50,4,B1_and_B2_shared_selection,5ae9976a061dca51,d172a87b5a6e4875,50,50,31,69,0.4492753623188406,True,"14,16,17,18,19,34,37,38,44,57,60,70,74,82,87,89,92,95,97","9,12,22,25,28,35,40,41,45,48,49,50,51,67,69,80,84,86,94",0.9715854519610145,0.8792839558638342,0.930037828572538,0.6265620656816998
e5_base_v2,E5-base-v2,90,0,B1_and_B2_shared_selection,4ab1827017a9d4a9,e4aca0f6b9e84075,90,90,81,99,0.8181818181818182,True,"24,33,34,37,46,60,64,76,99","3,10,11,35,48,50,67,80,94",0.9963119330337014,0.8834642611020297,0.9945457838532562,0.628319119336572
e5_base_v2,E5-base-v2,90,1,B1_and_B2_shared_selection,4ab1827017a9d4a9,e4aca0f6b9e84075,90,90,81,99,0.8181818181818182,True,"24,33,34,37,46,60,64,76,99","3,10,11,35,48,50,67,80,94",0.9963119330337014,0.8834642611020297,0.9945457838532562,0.628319119336572
e5_base_v2,E5-base-v2,90,2,B1_and_B2_shared_selection,4ab1827017a9d4a9,e4aca0f6b9e84075,90,90,81,99,0.8181818181818182,True,"24,33,34,37,46,60,64,76,99","3,10,11,35,48,50,67,80,94",0.9963119330337014,0.8834642611020297,0.9945457838532562,0.628319119336572
e5_base_v2,E5-base-v2,90,3,B1_and_B2_shared_selection,4ab1827017a9d4a9,e4aca0f6b9e84075,90,90,81,99,0.8181818181818182,True,"24,33,34,37,46,60,64,76,99","3,10,11,35,48,50,67,80,94",0.9963119330337014,0.8834642611020297,0.9945457838532562,0.628319119336572
e5_base_v2,E5-base-v2,90,4,B1_and_B2_shared_selection,4ab1827017a9d4a9,e4aca0f6b9e84075,90,90,81,99,0.8181818181818182,True,"24,33,34,37,46,60,64,76,99","3,10,11,35,48,50,67,80,94",0.9963119330337014,0.8834642611020297,0.9945457838532562,0.628319119336572
bge_base_en_v15,BGE-base-en-v1.5,10,0,B1_and_B2_shared_selection,ec0db881349d9b77,92745849571d4031,10,10,4,16,0.25,True,"35,43,45,58,60,73","12,40,41,48,67,80",0.8710806690581343,0.7816366087843026,0.8111275356842519,0.6411336607517674
bge_base_en_v15,BGE-base-en-v1.5,10,1,B1_and_B2_shared_selection,ec0db881349d9b77,92745849571d4031,10,10,4,16,0.25,True,"35,43,45,58,60,73","12,40,41,48,67,80",0.8710806690581343,0.7816366087843026,0.8111275356842519,0.6411336607517674
bge_base_en_v15,BGE-base-en-v1.5,10,2,B1_and_B2_shared_selection,ec0db881349d9b77,92745849571d4031,10,10,4,16,0.25,True,"35,43,45,58,60,73","12,40,41,48,67,80",0.8710806690581343,0.7816366087843026,0.8111275356842519,0.6411336607517674
bge_base_en_v15,BGE-base-en-v1.5,10,3,B1_and_B2_shared_selection,ec0db881349d9b77,92745849571d4031,10,10,4,16,0.25,True,"35,43,45,58,60,73","12,40,41,48,67,80",0.8710806690581343,0.7816366087843026,0.8111275356842519,0.6411336607517674
bge_base_en_v15,BGE-base-en-v1.5,10,4,B1_and_B2_shared_selection,ec0db881349d9b77,92745849571d4031,10,10,4,16,0.25,True,"35,43,45,58,60,73","12,40,41,48,67,80",0.8710806690581343,0.7816366087843026,0.8111275356842519,0.6411336607517674
bge_base_en_v15,BGE-base-en-v1.5,30,0,B1_and_B2_shared_selection,d4ab89ba5be2ea63,62099f7a34f67aa9,30,30,14,46,0.30434782608695654,True,"0,5,11,16,18,27,57,58,60,62,68,69,70,81,96,97","4,7,12,20,25,29,36,41,42,47,49,50,67,77,80,86",0.9148476662932079,0.7711159964257489,0.8829888945012074,0.6164002583578039
bge_base_en_v15,BGE-base-en-v1.5,30,1,B1_and_B2_shared_selection,d4ab89ba5be2ea63,62099f7a34f67aa9,30,30,14,46,0.30434782608695654,True,"0,5,11,16,18,27,57,58,60,62,68,69,70,81,96,97","4,7,12,20,25,29,36,41,42,47,49,50,67,77,80,86",0.9148476662932079,0.7711159964257489,0.8829888945012074,0.6164002583578039
bge_base_en_v15,BGE-base-en-v1.5,30,2,B1_and_B2_shared_selection,d4ab89ba5be2ea63,62099f7a34f67aa9,30,30,14,46,0.30434782608695654,True,"0,5,11,16,18,27,57,58,60,62,68,69,70,81,96,97","4,7,12,20,25,29,36,41,42,47,49,50,67,77,80,86",0.9148476662932079,0.7711159964257489,0.8829888945012074,0.6164002583578039
bge_base_en_v15,BGE-base-en-v1.5,30,3,B1_and_B2_shared_selection,d4ab89ba5be2ea63,62099f7a34f67aa9,30,30,14,46,0.30434782608695654,True,"0,5,11,16,18,27,57,58,60,62,68,69,70,81,96,97","4,7,12,20,25,29,36,41,42,47,49,50,67,77,80,86",0.9148476662932079,0.7711159964257489,0.8829888945012074,0.6164002583578039
bge_base_en_v15,BGE-base-en-v1.5,30,4,B1_and_B2_shared_selection,d4ab89ba5be2ea63,62099f7a34f67aa9,30,30,14,46,0.30434782608695654,True,"0,5,11,16,18,27,57,58,60,62,68,69,70,81,96,97","4,7,12,20,25,29,36,41,42,47,49,50,67,77,80,86",0.9148476662932079,0.7711159964257489,0.8829888945012074,0.6164002583578039
bge_base_en_v15,BGE-base-en-v1.5,50,0,B1_and_B2_shared_selection,6eea9f717fd92763,d172a87b5a6e4875,50,50,34,66,0.5151515151515151,True,"1,6,11,16,18,37,38,39,44,57,60,68,70,74,81,97","4,8,13,22,25,29,36,41,42,47,49,50,67,80,86,98",0.9450588622917055,0.7713493584730263,0.930037828572538,0.6265620656816998
bge_base_en_v15,BGE-base-en-v1.5,50,1,B1_and_B2_shared_selection,6eea9f717fd92763,d172a87b5a6e4875,50,50,34,66,0.5151515151515151,True,"1,6,11,16,18,37,38,39,44,57,60,68,70,74,81,97","4,8,13,22,25,29,36,41,42,47,49,50,67,80,86,98",0.9450588622917055,0.7713493584730263,0.930037828572538,0.6265620656816998
bge_base_en_v15,BGE-base-en-v1.5,50,2,B1_and_B2_shared_selection,6eea9f717fd92763,d172a87b5a6e4875,50,50,34,66,0.5151515151515151,True,"1,6,11,16,18,37,38,39,44,57,60,68,70,74,81,97","4,8,13,22,25,29,36,41,42,47,49,50,67,80,86,98",0.9450588622917055,0.7713493584730263,0.930037828572538,0.6265620656816998
bge_base_en_v15,BGE-base-en-v1.5,50,3,B1_and_B2_shared_selection,6eea9f717fd92763,d172a87b5a6e4875,50,50,34,66,0.5151515151515151,True,"1,6,11,16,18,37,38,39,44,57,60,68,70,74,81,97","4,8,13,22,25,29,36,41,42,47,49,50,67,80,86,98",0.9450588622917055,0.7713493584730263,0.930037828572538,0.6265620656816998
bge_base_en_v15,BGE-base-en-v1.5,50,4,B1_and_B2_shared_selection,6eea9f717fd92763,d172a87b5a6e4875,50,50,34,66,0.5151515151515151,True,"1,6,11,16,18,37,38,39,44,57,60,68,70,74,81,97","4,8,13,22,25,29,36,41,42,47,49,50,67,80,86,98",0.9450588622917055,0.7713493584730263,0.930037828572538,0.6265620656816998
bge_base_en_v15,BGE-base-en-v1.5,90,0,B1_and_B2_shared_selection,d1c9629104d4613e,e4aca0f6b9e84075,90,90,85,95,0.8947368421052632,True,"24,37,60,64,99","36,50,53,80,82",0.9928619934664096,0.7775689665349799,0.9945457838532562,0.628319119336572
bge_base_en_v15,BGE-base-en-v1.5,90,1,B1_and_B2_shared_selection,d1c9629104d4613e,e4aca0f6b9e84075,90,90,85,95,0.8947368421052632,True,"24,37,60,64,99","36,50,53,80,82",0.9928619934664096,0.7775689665349799,0.9945457838532562,0.628319119336572
bge_base_en_v15,BGE-base-en-v1.5,90,2,B1_and_B2_shared_selection,d1c9629104d4613e,e4aca0f6b9e84075,90,90,85,95,0.8947368421052632,True,"24,37,60,64,99","36,50,53,80,82",0.9928619934664096,0.7775689665349799,0.9945457838532562,0.628319119336572
bge_base_en_v15,BGE-base-en-v1.5,90,3,B1_and_B2_shared_selection,d1c9629104d4613e,e4aca0f6b9e84075,90,90,85,95,0.8947368421052632,True,"24,37,60,64,99","36,50,53,80,82",0.9928619934664096,0.7775689665349799,0.9945457838532562,0.628319119336572
bge_base_en_v15,BGE-base-en-v1.5,90,4,B1_and_B2_shared_selection,d1c9629104d4613e,e4aca0f6b9e84075,90,90,85,95,0.8947368421052632,True,"24,37,60,64,99","36,50,53,80,82",0.9928619934664096,0.7775689665349799,0.9945457838532562,0.628319119336572
