strategy,ratio,r_O,r_O_lo,r_O_hi,r_C,r_C_lo,r_C_hi,r_E,r_E_lo,r_E_hi,r_A,r_A_lo,r_A_hi,r_N,r_N_lo,r_N_hi,trait_r_mean,ci_lower,ci_upper
Random,10,0.41233992501347216,0.39061546823038107,0.43373643053812727,0.4942777872459352,0.4647074746510792,0.523381632471693,0.5029000110998366,0.47080756137889135,0.5347136992889323,0.4288509636808285,0.39811536588645735,0.4587668210990671,0.22783048933257477,0.18204618742938572,0.2735685563414625,0.41323983527452945,0.40622017398497773,0.4202099648565129
Random,30,0.7401660342850165,0.723489679896461,0.7563846444018276,0.8332951928321551,0.8205761322046188,0.8454257751530886,0.8291751067073758,0.8133538250144764,0.8438662126801949,0.7667751019742142,0.7495487837203105,0.7827688787177411,0.7356105067875944,0.7073354832246568,0.7619407276757594,0.7810043885172712,0.7756748423043894,0.7861812148398459
Random,50,0.8935719433362598,0.887471574322155,0.899727694216471,0.9376868369913952,0.933162651129396,0.9419980688777567,0.9405283058285019,0.9358992110555432,0.9447645329796862,0.8948817977418612,0.8857392893276527,0.902788313299632,0.9169359955160121,0.9078150802199775,0.9254924081466249,0.916720975882806,0.9146042352019016,0.9186190739766029
Random,90,0.9889327375609517,0.9879951207330684,0.9899071189228901,0.993882680221396,0.9932852515429133,0.9944481138193747,0.994466356980587,0.9939283359424067,0.9949868174754715,0.9902076021803945,0.9893244300679732,0.9910514868562375,0.9944639397571459,0.9939743996342969,0.9949410825944599,0.992390663340095,0.9922287415554473,0.9925471534375626
BalancedRandom,10,0.4565740625659723,0.44617231365045,0.4671607067026222,0.5445853065031606,0.5353327167762916,0.5535728354004766,0.5773550174463034,0.5660279776565954,0.5882137282930517,0.4962523622847637,0.48519920080087936,0.5070377551167939,0.2842123706183607,0.2665838326960653,0.3018285010305564,0.47179582388371216,0.46729895133655364,0.4761599763720581
BalancedRandom,30,0.7808013691999172,0.77504246850382,0.786284563925184,0.8514215307068025,0.8469121268003738,0.8556948630505049,0.8688044503477821,0.8647823833605367,0.8726790999725814,0.8032419002607142,0.7985877855819817,0.8077582152063106,0.8053493915120714,0.7990805676055264,0.8114946818151361,0.8219237284054575,0.8196609843198768,0.8241987914488794
BalancedRandom,50,0.899431288148393,0.8966723498935539,0.9021545297507355,0.9443928365932457,0.9429661490313389,0.9457860853425449,0.9476366904838318,0.9462244480773828,0.9490137870298376,0.9140220191435364,0.9120191971078434,0.9159440901957715,0.933631774070711,0.9316412822896845,0.9355510223681697,0.9278229216879436,0.9269498012483774,0.9287006232479832
BalancedRandom,90,0.9893553588229371,0.9890117362362568,0.9896974165456545,0.9942942775349108,0.9941340707443024,0.9944520596319972,0.9947695864814826,0.9946242146084997,0.9949157070559532,0.9908789232190204,0.9905345926001011,0.99120400629082,0.994691919231193,0.9945699371818698,0.9948099285228172,0.9927980130579087,0.9926961094962184,0.9929010168493018
Coverage,10,0.49331588766333406,0.4599897242580031,0.5295977532377263,0.5593509086877396,0.5247079908056295,0.581730269087026,0.38227537927986416,0.347943230829883,0.43172902970902305,0.5248628905972449,0.49581165300132535,0.5603604630801859,0.3782662833587799,0.3611785444674582,0.3962921956797555,0.4676142699173925,0.44926235669391057,0.4841566161748509
Coverage,30,0.8386245924490275,0.8260023783473412,0.8521489682002535,0.8740600325090154,0.8638406536593918,0.8837710968667505,0.7894043431731046,0.7709002922308945,0.8072112834801238,0.8080988840139718,0.79832491881233,0.81724002297169,0.8319164219100745,0.8265580851928229,0.8367514114345042,0.8284208548110387,0.8205206572373509,0.8347477721313531
Coverage,50,0.9237539330273039,0.9150872523834461,0.9314350580169519,0.9154509678777734,0.9079617079022002,0.9219920236817861,0.9623079753622816,0.960061286140156,0.9650333576018161,0.937969249355849,0.9347207850011288,0.9423083066725153,0.9236037444799138,0.9206679169365195,0.926542995651165,0.9326171740206244,0.9290192931306933,0.9355345182985729
Coverage,90,0.9900411644000924,0.9892696807626095,0.990651350434209,0.9829215891488859,0.981620224679394,0.9842229536183777,1.0,1.0,1.0,1.0,0.9999999999999998,1.0,0.9924506909159788,0.9916482097765009,0.9930254397031903,0.9930826888929912,0.9926151335921316,0.9935502441938511
Coverage+Div,10,0.49416318084723887,0.45864969906395225,0.5352412986837684,0.5433883708256947,0.5135518590350504,0.5656695637303669,0.39902333273097834,0.36483870425148723,0.4430712880858533,0.5334575422547193,0.5068487526043562,0.566551069865172,0.3672428998653583,0.3521188871197453,0.38479439152542766,0.46745506530479786,0.45024807719461146,0.48255334092479546
Coverage+Div,30,0.8246289986181294,0.8104760009519278,0.8387819962843311,0.8722510497959526,0.8648711564223472,0.8795884719521151,0.7740604925546559,0.7566907798318037,0.7913422575761367,0.8737257758860002,0.8699098705557409,0.8780019271936936,0.7446836789874338,0.7362471853750003,0.7520550222865174,0.8178699991684344,0.8115022369986885,0.823408319559537
Coverage+Div,50,0.9219459634850701,0.9138430499266306,0.9286895620984605,0.9410630444198725,0.9382640674038326,0.9438620214359125,0.9493592569333911,0.9461276954409243,0.9525908184258579,0.9639324571033075,0.9617400072116201,0.966124906994995,0.819785265448358,0.8154543468067184,0.8241161840899975,0.9192171974779997,0.9175349513293426,0.920497932161687
Coverage+Div,90,0.9900411644000924,0.9892696807626095,0.990651350434209,0.9815391647110647,0.9800512693204763,0.9830270601016533,1.0,1.0,1.0,1.0,0.9999999999999998,1.0,0.9924506909159788,0.9916482097765009,0.9930254397031903,0.9928062040054272,0.9923013425203481,0.9933110654905063
TraitPredictiveness,10,0.133099058088268,0.09079017280915447,0.17540794336738155,0.7538643860328136,0.7460200064888717,0.7613886143341382,0.9003009105542347,0.8915058023740379,0.9090960187344315,0.2586887746168518,0.23599060577383507,0.2810815299492964,-0.24882859876536706,-0.27623871294588787,-0.21338644589310607,0.35942490610536015,0.3513540544472913,0.36749575776342913
TraitPredictiveness,30,0.10289178771727421,0.04938856817701646,0.1485143856660987,0.8690355673718366,0.846529704880503,0.8915414298631703,0.9653612190375999,0.9621435990416417,0.9686557043383125,0.40315043112520954,0.31994230681278774,0.45731405173426065,0.9102044580672418,0.8935431076704831,0.9268658084640004,0.6501286926638323,0.6361034521763115,0.6647209674803143
TraitPredictiveness,50,0.3241088259006394,0.2721278005686895,0.3684027688782486,0.982159600334019,0.9810145509119239,0.9832779963504584,0.9754101739236434,0.9741468334282336,0.9770430682868927,0.6018822879369743,0.5530137406818876,0.6629747174007112,0.9890039419912554,0.9869353749225365,0.9909514616541779,0.7745129660173063,0.7600875599427561,0.7928015944353521
TraitPredictiveness,90,0.9098096988874641,0.9050633995259304,0.9146932564368615,0.9975993941116472,0.9973224090436702,0.9977663922825629,1.0,1.0,1.0,0.9949640081355696,0.9945318206163452,0.9953294080495108,1.0,0.9999999999999998,1.0,0.980474620226936,0.9794792143956895,0.9815463338646196
Hybrid-A,10,0.29434706711438474,0.25953876515692464,0.32091735215841144,0.6728852498839692,0.654989865954276,0.6907806338136627,0.6985538820768384,0.6752600906255016,0.7218476735281752,0.0734683432646931,0.03325026889305116,0.1243925399650957,0.5136594160595938,0.46326904396367913,0.5607478479372149,0.45058279167989584,0.44149100918188217,0.4614495186223223
Hybrid-A,30,0.7092917596541929,0.6848056854775472,0.7381832974084122,0.8189014228911888,0.8079465128420693,0.8273754292925503,0.9569624526197986,0.9533774263277559,0.9603118485093833,0.674548968021536,0.5951061509164195,0.7454610531608268,0.823154756436711,0.7922601427237794,0.8540493701496427,0.7965718719246855,0.7787220185377904,0.8089994089272009
Hybrid-A,50,0.783822946708267,0.7719180969127523,0.7945037476954806,0.9659816627681275,0.9615415659164605,0.9697218526391829,0.9763271630715732,0.9733415968059347,0.9793114542381165,0.8716501980457041,0.8621851989109981,0.883497724084434,0.964691001724607,0.9586319940880909,0.9710492522239113,0.912494594463656,0.9091581759988948,0.915831012928417
Hybrid-A,90,0.9691240814361912,0.9676610073120981,0.9715117645188664,0.9942973068024961,0.9931427280191624,0.9950318565087108,1.0,1.0,1.0,0.9924424694464757,0.9904771011417897,0.9944374119019846,0.997893707045306,0.9978321192765464,0.9979397091269941,0.9907515129460938,0.9902931496349254,0.9912098762572624
Hybrid-B,10,0.27674204157725646,0.23332180832224356,0.3226387353362562,0.546360643052477,0.5125407810398144,0.5884838176737274,0.7715659502813041,0.7426744986181288,0.8014068478988232,-0.0012792961725305197,-0.04656726539433208,0.04683191715829714,0.5487844895775071,0.4920880878446705,0.5992444920854775,0.4284347656632028,0.40936969121893296,0.4504597218279679
Hybrid-B,30,0.7119841288118275,0.6959795584387525,0.7252181403939666,0.8755607401585651,0.861747144339942,0.8872508174656651,0.944169325370616,0.935359155538723,0.951875737240457,0.7036760537970495,0.6398707748081518,0.7465414986278315,0.8220217826607923,0.8098005554166596,0.8422950660711326,0.81148240615977,0.7972897958718881,0.8195768295213048
Hybrid-B,50,0.888258376263751,0.8789811168683501,0.900677299042653,0.959331019904508,0.9515945026453567,0.9657105477565391,0.9751604716073048,0.9724318764284415,0.9775575521824121,0.9023538790032261,0.894955590369843,0.9126600113506129,0.916604699065805,0.9132499015370458,0.9201307934535125,0.9283416891689191,0.925782343598413,0.9309010347394249
Hybrid-B,90,0.9891981991766231,0.9864137963264753,0.9919826020267714,0.9949875109759546,0.9948134147128433,0.9951534989698002,0.9977221246995065,0.9961621594846092,0.9992820899144039,0.9822533386264183,0.9812250518605856,0.9833683535965523,0.9967703916580435,0.9955680652423263,0.9979311008106224,0.9921863130273092,0.9916451293747656,0.9926952537430409
Hybrid-C,10,0.3809360139411678,0.3391922237619995,0.4226798041203361,0.6572661168930233,0.6331248810427518,0.6814073527432949,0.7581435056929057,0.7396669739413178,0.7724647159673987,0.3543384961062238,0.336597799615415,0.3790813940199026,0.3153642921833782,0.24596125737122382,0.41206235917451106,0.4932096849633398,0.48030562295674245,0.5047099910169697
Hybrid-C,30,0.7561679928796403,0.7083848938722698,0.7889880634147426,0.8633561234566118,0.8556320446701695,0.8747288590694227,0.9014486944326562,0.894202149190666,0.9086952396746464,0.795058973063198,0.7856997429831829,0.8041935262092288,0.8689051197456804,0.8607096924400656,0.8771005470512954,0.8369873807155572,0.8294472982876385,0.8416218645270274
Hybrid-C,50,0.8670758672862522,0.8435365456733415,0.8906151888991628,0.9581817501977795,0.9535407240496356,0.9628227763459234,0.9673170153115995,0.9639222194218547,0.9707943685297582,0.9023210463860731,0.8990452287651719,0.9054239430227726,0.9537262303805669,0.9489279070183494,0.9585245537427841,0.9297243819124542,0.9265600684992222,0.9330894096751953
Hybrid-C,90,0.9938600963251345,0.9925069218299558,0.9955839343339281,0.994254677280923,0.9930882454721723,0.995040911891272,0.9959406790519234,0.995592099792001,0.9962618233103132,0.9830046765035256,0.9820753804300365,0.9838530051762687,0.9950832990410456,0.99497208129395,0.9952200022805237,0.9924286856405103,0.9921509589029416,0.992730396936591
