family,a_version,b_version,embedding_key,embedding_label,ratio,a_item_r_mean,a_item_r_ci_lower,a_item_r_ci_upper,b_item_r_mean,b_item_r_ci_lower,b_item_r_ci_upper,delta_selection_vs_a,delta_selection_vs_a_ci_lower,delta_selection_vs_a_ci_upper,p_selection_holm,p_selection_bh,jaccard_mean_vs_s_old,jaccard_min_vs_s_old,jaccard_max_vs_s_old,selection_changed_any_fold,delta_a_vs_sbert,delta_b_vs_sbert,best_of_pair,evidence_source_table4,evidence_source_contribution,evidence_source_overlap
fixed_params,A1_fixed,B1_fixed,sbert_original,SBERT (original),10,0.2763146846497246,0.270688910406446,0.2819404588930031,0.2763146846497246,0.270688910406446,0.2819404588930031,2.5056176549464448e-17,2.385317819106822e-17,2.627451323199026e-17,0.0,0.0,1.0,1.0,1.0,False,,,B1_fixed,results/phase4/figures/table4.csv,results/phase4/versionB_selection_contribution.csv,results/phase4/versionB_selection_overlap.csv
fixed_params,A1_fixed,B1_fixed,sbert_original,SBERT (original),30,0.3693266655304461,0.3639096616350068,0.3747436694258854,0.3661990465194644,0.3608040148326804,0.3715940782062483,-0.0031276190109817,-0.0036586021336561,-0.0025977865334891,0.0,0.0,0.935483870967742,0.935483870967742,0.935483870967742,True,,,A1_fixed,results/phase4/figures/table4.csv,results/phase4/versionB_selection_contribution.csv,results/phase4/versionB_selection_overlap.csv
fixed_params,A1_fixed,B1_fixed,sbert_original,SBERT (original),50,0.4285897117895408,0.4225795524377921,0.4345998711412895,0.4315828646233322,0.4256167973487382,0.4375489318979261,0.0029931528337913,0.0022511084462665,0.0037399012831882,0.0,0.0,0.9230769230769231,0.9230769230769232,0.9230769230769232,True,,,B1_fixed,results/phase4/figures/table4.csv,results/phase4/versionB_selection_contribution.csv,results/phase4/versionB_selection_overlap.csv
fixed_params,A1_fixed,B1_fixed,sbert_original,SBERT (original),90,0.601267868673923,0.5903691644749751,0.6121665728728709,0.601267868673923,0.5903691644749751,0.6121665728728709,4.990367968953021e-18,3.7150889725465816e-18,6.2427043320515896e-18,0.0,0.0,1.0,1.0,1.0,False,,,B1_fixed,results/phase4/figures/table4.csv,results/phase4/versionB_selection_contribution.csv,results/phase4/versionB_selection_overlap.csv
fixed_params,A1_fixed,B1_fixed,minilm_l6_v2,MiniLM-L6-v2,10,0.2668682580011084,0.2607601513392036,0.2729763646630133,0.2984767851163499,0.2928953568434946,0.3040582133892052,0.0316085271152414,0.0261679827979018,0.0371307989923367,0.0,0.0,0.11111111111111112,0.1111111111111111,0.1111111111111111,True,-0.0094464266486161,0.0221621004666253,B1_fixed,results/phase4/figures/table4.csv,results/phase4/versionB_selection_contribution.csv,results/phase4/versionB_selection_overlap.csv
fixed_params,A1_fixed,B1_fixed,minilm_l6_v2,MiniLM-L6-v2,30,0.4041621165437622,0.3981993941340921,0.4101248389534322,0.4066714026962705,0.4012062723160368,0.4121365330765043,0.0025092861525084,-0.0008725333550669,0.0058708914174095,0.1408,0.1408,0.2,0.2,0.2,True,0.034835451013316,0.0404723561768061,B1_fixed,results/phase4/figures/table4.csv,results/phase4/versionB_selection_contribution.csv,results/phase4/versionB_selection_overlap.csv
fixed_params,A1_fixed,B1_fixed,minilm_l6_v2,MiniLM-L6-v2,50,0.4469040262314689,0.4407068125944636,0.4531012398684743,0.4528130805935873,0.4468199330204121,0.4588062281667625,0.0059090543621182,0.0023324847701609,0.0093970717230725,0.003,0.0011111111111111,0.3333333333333333,0.3333333333333333,0.3333333333333333,True,0.0183143144419281,0.021230215970255,B1_fixed,results/phase4/figures/table4.csv,results/phase4/versionB_selection_contribution.csv,results/phase4/versionB_selection_overlap.csv
fixed_params,A1_fixed,B1_fixed,minilm_l6_v2,MiniLM-L6-v2,90,0.5561770501326964,0.5449755926457881,0.5673785076196046,0.4143497381475623,0.4024978991815762,0.4262015771135484,-0.141827311985134,-0.1550378366977106,-0.1286886262881698,0.0,0.0,0.8556701030927835,0.8556701030927835,0.8556701030927835,True,-0.0450908185412265,-0.1869181305263606,A1_fixed,results/phase4/figures/table4.csv,results/phase4/versionB_selection_contribution.csv,results/phase4/versionB_selection_overlap.csv
fixed_params,A1_fixed,B1_fixed,mpnet_base_v2,MPNet-base-v2,10,0.2884928857949109,0.2825184736533933,0.2944672979364284,0.3506870790084507,0.34489873591457,0.3564754221023313,0.0621941932135398,0.0570998280623902,0.0672686570465272,0.0,0.0,0.1764705882352941,0.1764705882352941,0.1764705882352941,True,0.0121782011451862,0.0743723943587261,B1_fixed,results/phase4/figures/table4.csv,results/phase4/versionB_selection_contribution.csv,results/phase4/versionB_selection_overlap.csv
fixed_params,A1_fixed,B1_fixed,mpnet_base_v2,MPNet-base-v2,30,0.4391286192892916,0.4332682038357635,0.4449890347428196,0.4274966952901407,0.4218317605497168,0.4331616300305646,-0.0116319239991507,-0.0143264731302372,-0.0089161900032488,0.0,0.0,0.3043478260869565,0.3043478260869565,0.3043478260869565,True,0.0698019537588454,0.0612976487706763,A1_fixed,results/phase4/figures/table4.csv,results/phase4/versionB_selection_contribution.csv,results/phase4/versionB_selection_overlap.csv
fixed_params,A1_fixed,B1_fixed,mpnet_base_v2,MPNet-base-v2,50,0.4814840358207509,0.4751935956195629,0.4877744760219389,0.4739258756834425,0.467920350912875,0.47993140045401,-0.0075581601373084,-0.010887189673337,-0.0042704250351557,0.0,0.0,0.4084507042253521,0.4084507042253521,0.4084507042253521,True,0.05289432403121,0.0423430110601103,A1_fixed,results/phase4/figures/table4.csv,results/phase4/versionB_selection_contribution.csv,results/phase4/versionB_selection_overlap.csv
fixed_params,A1_fixed,B1_fixed,mpnet_base_v2,MPNet-base-v2,90,0.5858087835357045,0.5748586369919172,0.5967589300794919,0.5542630785972928,0.5429039624510846,0.5656221947435011,-0.0315457049384117,-0.0424255737540025,-0.0203424466862728,0.0,0.0,0.875,0.875,0.875,True,-0.0154590851382184,-0.0470047900766302,A1_fixed,results/phase4/figures/table4.csv,results/phase4/versionB_selection_contribution.csv,results/phase4/versionB_selection_overlap.csv
fixed_params,A1_fixed,B1_fixed,e5_base_v2,E5-base-v2,10,0.2281345132593158,0.2223938885054867,0.233875138013145,0.2455896479502723,0.2397681176175914,0.2514111782829532,0.0173236522744792,0.011690308400249,0.0228881674766639,0.0,0.0,0.1764705882352941,0.1764705882352941,0.1764705882352941,True,-0.0481801713904087,-0.0307934047292477,B1_fixed,results/phase4/figures/table4.csv,results/phase4/versionB_selection_contribution.csv,results/phase4/versionB_selection_overlap.csv
fixed_params,A1_fixed,B1_fixed,e5_base_v2,E5-base-v2,30,0.3901082268336482,0.3844712597981037,0.3957451938691927,0.3953248714794517,0.3894582700839269,0.4011914728749765,0.0052166446458036,0.0014036110272756,0.0089996210116467,0.0152,0.008,0.2244897959183673,0.2244897959183673,0.2244897959183673,True,0.020781561303202,0.0291258249599873,B1_fixed,results/phase4/figures/table4.csv,results/phase4/versionB_selection_contribution.csv,results/phase4/versionB_selection_overlap.csv
fixed_params,A1_fixed,B1_fixed,e5_base_v2,E5-base-v2,50,0.4486700243948257,0.4427401773632208,0.4545998714264306,0.4592856712394835,0.4526256564196386,0.4659456860593284,0.0106156468446578,0.0065854182260409,0.0147123348989012,0.0,0.0,0.44927536231884063,0.4492753623188406,0.4492753623188406,True,0.0200803126052849,0.0277028066161514,B1_fixed,results/phase4/figures/table4.csv,results/phase4/versionB_selection_contribution.csv,results/phase4/versionB_selection_overlap.csv
fixed_params,A1_fixed,B1_fixed,e5_base_v2,E5-base-v2,90,0.606923191421802,0.5961405100339477,0.6177058728096562,0.4654677119645761,0.4547120170082414,0.4762234069209107,-0.1414554794572259,-0.1544132724723309,-0.1282853949832222,0.0,0.0,0.8181818181818181,0.8181818181818182,0.8181818181818182,True,0.005655322747879,-0.1358001567093469,A1_fixed,results/phase4/figures/table4.csv,results/phase4/versionB_selection_contribution.csv,results/phase4/versionB_selection_overlap.csv
fixed_params,A1_fixed,B1_fixed,bge_base_en_v15,BGE-base-en-v1.5,10,0.2866200868824878,0.2806324415681525,0.292607732196823,0.3166986323681303,0.3110531102056498,0.3223441545306108,0.0300785454856425,0.0252452137876158,0.0348761356362513,0.0,0.0,0.25,0.25,0.25,True,0.0103054022327632,0.0403839477184057,B1_fixed,results/phase4/figures/table4.csv,results/phase4/versionB_selection_contribution.csv,results/phase4/versionB_selection_overlap.csv
fixed_params,A1_fixed,B1_fixed,bge_base_en_v15,BGE-base-en-v1.5,30,0.4117905365292918,0.4062243233194162,0.4173567497391674,0.4249653845750648,0.4189974560576343,0.4309333130924952,0.0131748480457729,0.0099203100539382,0.0164454690790823,0.0,0.0,0.3043478260869565,0.3043478260869565,0.3043478260869565,True,0.0424638709988457,0.0587663380556004,B1_fixed,results/phase4/figures/table4.csv,results/phase4/versionB_selection_contribution.csv,results/phase4/versionB_selection_overlap.csv
fixed_params,A1_fixed,B1_fixed,bge_base_en_v15,BGE-base-en-v1.5,50,0.4765948030703788,0.4706253855028708,0.4825642206378868,0.4657167848030815,0.4590333261383618,0.4724002434678012,-0.0108780182672972,-0.0143056708055127,-0.0073492899237558,0.0,0.0,0.5151515151515151,0.5151515151515151,0.5151515151515151,True,0.0480050912808379,0.0341339201797493,A1_fixed,results/phase4/figures/table4.csv,results/phase4/versionB_selection_contribution.csv,results/phase4/versionB_selection_overlap.csv
fixed_params,A1_fixed,B1_fixed,bge_base_en_v15,BGE-base-en-v1.5,90,0.5890712334408718,0.578139320556085,0.6000031463256585,0.5464802718643814,0.5346140084499573,0.5583465352788055,-0.0425909615764902,-0.0527443474807537,-0.0323076035320373,0.0,0.0,0.8947368421052632,0.8947368421052632,0.8947368421052632,True,-0.0121966352330512,-0.0547875968095415,A1_fixed,results/phase4/figures/table4.csv,results/phase4/versionB_selection_contribution.csv,results/phase4/versionB_selection_overlap.csv
tuned_params,A2_tuned,B2_tuned,sbert_original,SBERT (original),10,0.2767252392782875,0.2711094228116494,0.2823410557449257,0.2767252392782875,0.2711094228116494,0.2823410557449257,2.5448045800835238e-17,2.4180393799787908e-17,2.670587147992764e-17,0.0,0.0,1.0,1.0,1.0,False,,,B2_tuned,results/phase4/figures/table4.csv,results/phase4/versionB_selection_contribution.csv,results/phase4/versionB_selection_overlap.csv
tuned_params,A2_tuned,B2_tuned,sbert_original,SBERT (original),30,0.3800445199296404,0.374610740724883,0.3854782991343979,0.3805156858151376,0.3751306602509962,0.385900711379279,0.0004711658854972,-0.0003237581845531,0.0012851137459849,0.7824,0.2897777777777777,0.935483870967742,0.935483870967742,0.935483870967742,True,,,B2_tuned,results/phase4/figures/table4.csv,results/phase4/versionB_selection_contribution.csv,results/phase4/versionB_selection_overlap.csv
tuned_params,A2_tuned,B2_tuned,sbert_original,SBERT (original),50,0.4316511854953871,0.4257445743768844,0.4375577966138899,0.4381468670203977,0.4322858368447257,0.4440078971960696,0.0064956815250104,0.0050062701666583,0.0079775598743075,0.0,0.0,0.9230769230769231,0.9230769230769232,0.9230769230769232,True,,,B2_tuned,results/phase4/figures/table4.csv,results/phase4/versionB_selection_contribution.csv,results/phase4/versionB_selection_overlap.csv
tuned_params,A2_tuned,B2_tuned,sbert_original,SBERT (original),90,0.613302217267876,0.6024099002162174,0.6241945343195346,0.613302217267876,0.6024099002162174,0.6241945343195346,4.428184680898219e-18,3.1564960191968814e-18,5.6706929959194164e-18,0.0,0.0,1.0,1.0,1.0,False,,,B2_tuned,results/phase4/figures/table4.csv,results/phase4/versionB_selection_contribution.csv,results/phase4/versionB_selection_overlap.csv
tuned_params,A2_tuned,B2_tuned,minilm_l6_v2,MiniLM-L6-v2,10,0.2712341991403226,0.2648236052112949,0.2776447930693503,0.2984767851163499,0.2928953568434946,0.3040582133892052,0.0272425859760273,0.0216338078025677,0.0328506030547585,0.0,0.0,0.11111111111111112,0.1111111111111111,0.1111111111111111,True,-0.0054910401379649,0.0217515458380623,B2_tuned,results/phase4/figures/table4.csv,results/phase4/versionB_selection_contribution.csv,results/phase4/versionB_selection_overlap.csv
tuned_params,A2_tuned,B2_tuned,minilm_l6_v2,MiniLM-L6-v2,30,0.4064090233010284,0.4005158606531225,0.4123021859489343,0.4066706723925082,0.4011247030265932,0.4122166417584232,0.0002616490914798,-0.0030062484280887,0.0035427797499345,0.8828,0.8827999999999999,0.2,0.2,0.2,True,0.0263645033713879,0.0261549865773706,B2_tuned,results/phase4/figures/table4.csv,results/phase4/versionB_selection_contribution.csv,results/phase4/versionB_selection_overlap.csv
tuned_params,A2_tuned,B2_tuned,minilm_l6_v2,MiniLM-L6-v2,50,0.4519971909389168,0.4456604842483872,0.4583338976294464,0.4651943575276723,0.4591201261217849,0.4712685889335598,0.0131971665887554,0.009201591132532,0.0171678806709486,0.0,0.0,0.3333333333333333,0.3333333333333333,0.3333333333333333,True,0.0203460054435296,0.0270474905072746,B2_tuned,results/phase4/figures/table4.csv,results/phase4/versionB_selection_contribution.csv,results/phase4/versionB_selection_overlap.csv
tuned_params,A2_tuned,B2_tuned,minilm_l6_v2,MiniLM-L6-v2,90,0.573505585512366,0.5628234024454294,0.5841877685793025,0.5298658792510795,0.518720909140144,0.541010849362015,-0.0436397062612864,-0.0554178834335962,-0.0320319332370283,0.0,0.0,0.8556701030927835,0.8556701030927835,0.8556701030927835,True,-0.0397966317555101,-0.0834363380167966,A2_tuned,results/phase4/figures/table4.csv,results/phase4/versionB_selection_contribution.csv,results/phase4/versionB_selection_overlap.csv
tuned_params,A2_tuned,B2_tuned,mpnet_base_v2,MPNet-base-v2,10,0.2919530456813981,0.285976285376459,0.2979298059863372,0.3506870790084507,0.34489873591457,0.3564754221023313,0.0587340333270526,0.0537756029156094,0.0638866546825176,0.0,0.0,0.1764705882352941,0.1764705882352941,0.1764705882352941,True,0.0152278064031105,0.0739618397301631,B2_tuned,results/phase4/figures/table4.csv,results/phase4/versionB_selection_contribution.csv,results/phase4/versionB_selection_overlap.csv
tuned_params,A2_tuned,B2_tuned,mpnet_base_v2,MPNet-base-v2,30,0.4473727359082305,0.4413501419764469,0.4533953298400142,0.4356072004359351,0.4298115826754115,0.4414028181964586,-0.0117655354722954,-0.0148325680856548,-0.0086773337072981,0.0,0.0,0.3043478260869565,0.3043478260869565,0.3043478260869565,True,0.0673282159785901,0.0550915146207975,A2_tuned,results/phase4/figures/table4.csv,results/phase4/versionB_selection_contribution.csv,results/phase4/versionB_selection_overlap.csv
tuned_params,A2_tuned,B2_tuned,mpnet_base_v2,MPNet-base-v2,50,0.4896052654001855,0.4832116989912376,0.4959988318091334,0.4877969980988802,0.4817824396477598,0.4938115565500006,-0.0018082673013052,-0.0053886181876946,0.001823020073553,0.7824,0.3435789473684211,0.4084507042253521,0.4084507042253521,0.4084507042253521,True,0.0579540799047982,0.0496501310784825,A2_tuned,results/phase4/figures/table4.csv,results/phase4/versionB_selection_contribution.csv,results/phase4/versionB_selection_overlap.csv
tuned_params,A2_tuned,B2_tuned,mpnet_base_v2,MPNet-base-v2,90,0.6092553608109564,0.5987498528254545,0.6197608687964584,0.5972354258318525,0.5861773778599884,0.6082934738037167,-0.0120199349791038,-0.0230079265830326,-0.0010014276778841,0.1368,0.040235294117647,0.875,0.875,0.875,True,-0.0040468564569197,-0.0160667914360235,A2_tuned,results/phase4/figures/table4.csv,results/phase4/versionB_selection_contribution.csv,results/phase4/versionB_selection_overlap.csv
tuned_params,A2_tuned,B2_tuned,e5_base_v2,E5-base-v2,10,0.2925672919930722,0.2866315321961765,0.2985030517899678,0.300270943051135,0.2940447724864431,0.306497113615827,0.0075735042339397,0.0023818959097542,0.012809375324936,0.0289999999999999,0.0072499999999999,0.1764705882352941,0.1764705882352941,0.1764705882352941,True,0.0158420527147845,0.0234795094107314,B2_tuned,results/phase4/figures/table4.csv,results/phase4/versionB_selection_contribution.csv,results/phase4/versionB_selection_overlap.csv
tuned_params,A2_tuned,B2_tuned,e5_base_v2,E5-base-v2,30,0.4308034598272689,0.4251062999819594,0.4365006196725784,0.4070911820962338,0.4014864435351636,0.4126959206573041,-0.0237122777310351,-0.0270919526947841,-0.0203283858456774,0.0,0.0,0.2244897959183673,0.2244897959183673,0.2244897959183673,True,0.0507589398976285,0.0265754962810962,A2_tuned,results/phase4/figures/table4.csv,results/phase4/versionB_selection_contribution.csv,results/phase4/versionB_selection_overlap.csv
tuned_params,A2_tuned,B2_tuned,e5_base_v2,E5-base-v2,50,0.4761349996961019,0.4702219591889146,0.4820480402032893,0.4658091157681583,0.4593474024901567,0.4722708290461599,-0.0103258839279436,-0.0142360337897151,-0.0064154361020201,0.0,0.0,0.44927536231884063,0.4492753623188406,0.4492753623188406,True,0.0444838142007147,0.0276622487477606,A2_tuned,results/phase4/figures/table4.csv,results/phase4/versionB_selection_contribution.csv,results/phase4/versionB_selection_overlap.csv
tuned_params,A2_tuned,B2_tuned,e5_base_v2,E5-base-v2,90,0.6065864794823103,0.5960237239661664,0.6171492349984541,0.5389630715515931,0.5292886324915722,0.5486375106116139,-0.0676234079307172,-0.0796103570000632,-0.0556902819149537,0.0,0.0,0.8181818181818181,0.8181818181818182,0.8181818181818182,True,-0.0067157377855657,-0.074339145716283,A2_tuned,results/phase4/figures/table4.csv,results/phase4/versionB_selection_contribution.csv,results/phase4/versionB_selection_overlap.csv
tuned_params,A2_tuned,B2_tuned,bge_base_en_v15,BGE-base-en-v1.5,10,0.2953544836937241,0.289293666388369,0.3014153009990792,0.3233150560390465,0.3175660489792631,0.3290640630988299,0.0279605723453223,0.0228196584391927,0.0330565628718907,0.0,0.0,0.25,0.25,0.25,True,0.0186292444154365,0.0465898167607589,B2_tuned,results/phase4/figures/table4.csv,results/phase4/versionB_selection_contribution.csv,results/phase4/versionB_selection_overlap.csv
tuned_params,A2_tuned,B2_tuned,bge_base_en_v15,BGE-base-en-v1.5,30,0.4205478203595691,0.4147751516851953,0.4263204890339429,0.4272834756213724,0.4212203480366922,0.4333466032060526,0.0067356552618033,0.0035665238483629,0.0099037458574635,0.0012,0.0002666666666666,0.3043478260869565,0.3043478260869565,0.3043478260869565,True,0.0405033004299287,0.0467677898062349,B2_tuned,results/phase4/figures/table4.csv,results/phase4/versionB_selection_contribution.csv,results/phase4/versionB_selection_overlap.csv
tuned_params,A2_tuned,B2_tuned,bge_base_en_v15,BGE-base-en-v1.5,50,0.4872038145558358,0.4812945134578372,0.4931131156538343,0.4657167848030815,0.4590333261383618,0.4724002434678012,-0.0214870297527542,-0.024954511288705,-0.0179311656031021,0.0,0.0,0.5151515151515151,0.5151515151515151,0.5151515151515151,True,0.0555526290604486,0.0275699177826838,A2_tuned,results/phase4/figures/table4.csv,results/phase4/versionB_selection_contribution.csv,results/phase4/versionB_selection_overlap.csv
tuned_params,A2_tuned,B2_tuned,bge_base_en_v15,BGE-base-en-v1.5,90,0.6166967916003608,0.6063349412594123,0.6270586419413093,0.5965049916384709,0.585054750988196,0.6079552322887458,-0.0201917999618899,-0.0305508446521256,-0.0097325041209551,0.0,0.0,0.8947368421052632,0.8947368421052632,0.8947368421052632,True,0.0033945743324846,-0.0167972256294052,A2_tuned,results/phase4/figures/table4.csv,results/phase4/versionB_selection_contribution.csv,results/phase4/versionB_selection_overlap.csv
